2.900000344,-8.649999828,0,0,0,1,-4.37E-08
2.400000337,-8.649999828,0,0,0,1,-4.37E-08
1.900000329,-8.649999828,0,0,0,1,-4.37E-08
1.400000322,-8.649999828,0,0,0,1,-4.37E-08
1.400000322,-9.049999834,0,0,0,-0.707106797,0.707106766
1.900000329,-9.049999834,0,0,0,0,1
2.400000337,-9.049999834,0,0,0,0,1
2.900000344,-9.049999834,0,0,0,0,1
3.400000352,-9.049999834,0,0,0,0,1
3.900000359,-9.049999834,0,0,0,0,1
4.400000367,-9.049999834,0,0,0,0,1
4.900000374,-9.049999834,0,0,0,0,1
5.400000381,-9.049999834,0,0,0,0,1
5.900000389,-9.049999834,0,0,0,0,1
6.400000396,-9.049999834,0,0,0,0,1
6.900000404,-9.049999834,0,0,0,0,1
7.400000411,-9.049999834,0,0,0,0,1
7.900000419,-9.049999834,0,0,0,0,1
8.400000426,-9.049999834,0,0,0,0,1
8.900000434,-9.049999834,0,0,0,0,1
9.400000441,-9.049999834,0,0,0,0,1
9.400000441,-9.349999838,0,0,0,-0.707106797,0.707106766
8.900000434,-9.44999984,0,0,0,-0.995133331,0.098537576
8.400000426,-9.44999984,0,0,0,1,-4.37E-08
7.900000419,-9.44999984,0,0,0,1,-4.37E-08
7.400000411,-9.44999984,0,0,0,1,-4.37E-08
6.900000404,-9.44999984,0,0,0,1,-4.37E-08
6.400000396,-9.44999984,0,0,0,1,-4.37E-08
5.900000389,-9.44999984,0,0,0,1,-4.37E-08
5.400000381,-9.44999984,0,0,0,1,-4.37E-08
4.900000374,-9.44999984,0,0,0,1,-4.37E-08
4.400000367,-9.44999984,0,0,0,1,-4.37E-08
3.900000359,-9.44999984,0,0,0,1,-4.37E-08
3.400000352,-9.44999984,0,0,0,1,-4.37E-08
2.900000344,-9.44999984,0,0,0,1,-4.37E-08
2.400000337,-9.44999984,0,0,0,1,-4.37E-08
1.900000329,-9.44999984,0,0,0,1,-4.37E-08
1.400000322,-9.399999839,0,0,0,0.998758527,0.049813703
-2.09999973,-8.09999982,0,0,0,0.984232011,0.176882301
-2.599999738,-8.09999982,0,0,0,1,-4.37E-08
-3.099999745,-8.09999982,0,0,0,1,-4.37E-08
-3.599999753,-8.09999982,0,0,0,1,-4.37E-08
-4.09999976,-8.09999982,0,0,0,1,-4.37E-08
-4.599999768,-8.09999982,0,0,0,1,-4.37E-08
-5.099999775,-8.09999982,0,0,0,1,-4.37E-08
-5.599999782,-8.09999982,0,0,0,1,-4.37E-08
-6.09999979,-8.09999982,0,0,0,1,-4.37E-08
-6.599999797,-8.09999982,0,0,0,1,-4.37E-08
-7.099999805,-8.09999982,0,0,0,1,-4.37E-08
-7.599999812,-8.09999982,0,0,0,1,-4.37E-08
-8.09999982,-8.09999982,0,0,0,1,-4.37E-08
-8.599999827,-8.09999982,0,0,0,1,-4.37E-08
-9.099999835,-8.09999982,0,0,0,1,-4.37E-08
-9.549999841,-8.09999982,0,0,0,1,-4.37E-08
-9.549999841,-8.399999824,0,0,0,-0.707106797,0.707106766
-9.049999834,-8.399999824,0,0,0,0,1
-8.549999826,-8.399999824,0,0,0,0,1
-8.049999819,-8.399999824,0,0,0,0,1
-7.549999812,-8.399999824,0,0,0,0,1
-7.049999804,-8.399999824,0,0,0,0,1
-6.549999797,-8.399999824,0,0,0,0,1
-6.049999789,-8.399999824,0,0,0,0,1
-5.549999782,-8.399999824,0,0,0,0,1
-5.049999774,-8.399999824,0,0,0,0,1
-4.549999767,-8.399999824,0,0,0,0,1
-4.049999759,-8.399999824,0,0,0,0,1
-3.549999752,-8.399999824,0,0,0,0,1
-3.049999744,-8.399999824,0,0,0,0,1
-2.549999737,-8.399999824,0,0,0,0,1
-2.04999973,-8.399999824,0,0,0,0,1
-1.599999723,-8.399999824,0,0,0,0,1
-1.599999723,-8.79999983,0,0,0,-0.707106797,0.707106766
-2.09999973,-8.79999983,0,0,0,1,-4.37E-08
-2.599999738,-8.79999983,0,0,0,1,-4.37E-08
-3.099999745,-8.79999983,0,0,0,1,-4.37E-08
-3.599999753,-8.79999983,0,0,0,1,-4.37E-08
-4.049999759,-8.549999826,0,0,0,0.968028241,0.250841233
-4.549999767,-8.549999826,0,0,0,1,-4.37E-08
-4.999999774,-8.79999983,0,0,0,-0.968028241,0.250841233
-5.499999781,-8.79999983,0,0,0,1,-4.37E-08
-5.999999788,-8.79999983,0,0,0,1,-4.37E-08
-6.499999796,-8.79999983,0,0,0,1,-4.37E-08
-6.999999803,-8.79999983,0,0,0,1,-4.37E-08
-7.499999811,-8.79999983,0,0,0,1,-4.37E-08
-7.999999818,-8.79999983,0,0,0,1,-4.37E-08
-8.499999826,-8.79999983,0,0,0,1,-4.37E-08
-8.999999833,-8.79999983,0,0,0,1,-4.37E-08
-9.499999841,-8.79999983,0,0,0,1,-4.37E-08
-9.549999841,-8.79999983,0,0,0,1,-4.37E-08
-9.549999841,-9.199999836,0,0,0,-0.707106797,0.707106766
-9.049999834,-9.199999836,0,0,0,0,1
-8.549999826,-9.199999836,0,0,0,0,1
-8.049999819,-9.199999836,0,0,0,0,1
-7.549999812,-9.199999836,0,0,0,0,1
-7.049999804,-9.199999836,0,0,0,0,1
-6.549999797,-9.199999836,0,0,0,0,1
-6.049999789,-9.199999836,0,0,0,0,1
-5.549999782,-9.199999836,0,0,0,0,1
-5.049999774,-9.199999836,0,0,0,0,1
-3.849999756,-9.199999836,0,0,0,0,1
-3.349999749,-9.199999836,0,0,0,0,1
-2.849999741,-9.199999836,0,0,0,0,1
-2.349999734,-9.199999836,0,0,0,0,1
-1.849999727,-9.199999836,0,0,0,0,1
-1.599999723,-9.199999836,0,0,0,0,1
-9.045011736,-8.061244021,0,0,0,0.99712177,0.075816721
-8.545011728,-8.060617647,0,0,0,0.000626373,0.999999804
-8.045013247,-8.059990511,0,0,0,0.000627138,0.999999803
-7.545013239,-8.059364138,0,0,0,0.000626373,0.999999804
-7.045013232,-8.058737765,0,0,0,0.000626373,0.999999804
-6.545013224,-8.058111391,0,0,0,0.000626373,0.999999804
-6.045013217,-8.057484255,0,0,0,0.000627136,0.999999803
-5.545013209,-8.056857882,0,0,0,0.000626373,0.999999804
-5.045014728,-8.056231509,0,0,0,0.000626375,0.999999804
-4.54501472,-8.055605135,0,0,0,0.000626373,0.999999804
-4.045016239,-8.054977999,0,0,0,0.000627138,0.999999803
-3.545016231,-8.054351626,0,0,0,0.000626373,0.999999804
-3.045016224,-8.053725252,0,0,0,0.000626373,0.999999804
-2.545016216,-8.053098116,0,0,0,0.000627136,0.999999803
-2.045016209,-8.052471743,0,0,0,0.000626373,0.999999804
1.354666459,-7.798211485,0,0,0,0.037316552,0.999303495
1.755043357,-8.097710238,0,0,0,-0.315632753,0.948881428
2.255043364,-8.097083102,0,0,0,0.000627136,0.999999803
2.755043372,-8.096456729,0,0,0,0.000626373,0.999999804
3.255041853,-8.095830356,0,0,0,0.000626375,0.999999804
3.755041861,-8.095203219,0,0,0,0.000627136,0.999999803
4.255041868,-8.094576846,0,0,0,0.000626373,0.999999804
4.755041876,-8.093950473,0,0,0,0.000626373,0.999999804
5.255041883,-8.093324099,0,0,0,0.000626373,0.999999804
5.755041891,-8.092696963,0,0,0,0.000627136,0.999999803
6.255041898,-8.09207059,0,0,0,0.000626373,0.999999804
6.755041906,-8.091444217,0,0,0,0.000626373,0.999999804
7.255038861,-8.090817843,0,0,0,0.000626377,0.999999804
7.755038869,-8.090190707,0,0,0,0.000627136,0.999999803
8.255038876,-8.089564334,0,0,0,0.000626373,0.999999804
8.755038884,-8.08893796,0,0,0,0.000626373,0.999999804
9.255035839,-8.088311587,0,0,0,0.000626377,0.999999804
9.355035841,-8.088185702,0,0,0,0.000629425,0.999999802
9.354535353,-7.688186459,0,0,0,0.707548989,0.706664296
8.854535345,-7.688812069,0,0,0,-0.999999804,0.000625567
8.354535338,-7.689439206,0,0,0,-0.999999803,0.000627116
7.85453533,-7.690066342,0,0,0,-0.999999803,0.000627116
7.354535323,-7.690691952,0,0,0,-0.999999804,0.000625567
6.854535315,-7.691319089,0,0,0,-0.999999803,0.000627116
6.35453836,-7.691946225,0,0,0,-0.999999803,0.000627116
5.854538352,-7.692571835,0,0,0,-0.999999804,0.000625567
5.354538345,-7.693197445,0,0,0,-0.999999804,0.000625567
4.854541389,-7.693826108,0,0,0,-0.999999802,0.000628666
4.354539856,-7.694451718,0,0,0,-0.999999804,0.000625567
3.854539848,-7.695077328,0,0,0,-0.999999804,0.000625567
3.354539841,-7.69570599,0,0,0,-0.999999802,0.000628666
2.854541359,-7.696331601,0,0,0,-0.999999804,0.000625567
2.354541352,-7.696957211,0,0,0,-0.999999804,0.000625567
1.854541344,-7.697584347,0,0,0,-0.999999803,0.000627116
1.354541337,-7.698211484,0,0,0,-0.999999803,0.000627116
0.854417733,-7.598837093,0,0,0,0.995194747,0.097915347
0.354417726,-7.599464229,0,0,0,-0.999999803,0.000627116
-0.145582282,-7.600091365,0,0,0,-0.999999803,0.000627116
-0.645582289,-7.600716975,0,0,0,-0.999999804,0.000625567
-1.145643332,-7.551344111,0,0,0,0.99878956,0.049187549
-1.645455656,-7.701971249,0,0,0,-0.989309142,0.145833538
-2.145455664,-7.70259686,0,0,0,-0.999999804,0.000625567
-2.645455671,-7.703223996,0,0,0,-0.999999803,0.000627116
-3.145455678,-7.703851132,0,0,0,-0.999999803,0.000627116
-3.64545416,-7.704476743,0,0,0,-0.999999804,0.000625567
-4.145454168,-7.705102353,0,0,0,-0.999999804,0.000625567
-4.645452649,-7.705731015,0,0,0,-0.999999802,0.000628666
-5.145452657,-7.706356625,0,0,0,-0.999999804,0.000625567
-5.645452664,-7.706982236,0,0,0,-0.999999804,0.000625567
-6.145452671,-7.707610898,0,0,0,-0.999999802,0.000628666
-6.645452679,-7.708236508,0,0,0,-0.999999804,0.000625567
-7.145452686,-7.708862119,0,0,0,-0.999999804,0.000625567
-7.645451168,-7.709489255,0,0,0,-0.999999803,0.000627116
-8.145451175,-7.710116391,0,0,0,-0.999999803,0.000627116
-8.64545042,-7.710742001,0,0,0,-0.999999804,0.000625567
-9.145450427,-7.711369138,0,0,0,-0.999999803,0.000627116
-9.54544967,-7.711871152,0,0,0,-0.999999803,0.000627474
-9.545951685,-7.311871146,0,0,0,0.707550337,0.706662947
-9.045951677,-7.311245535,0,0,0,0.00062561,0.999999804
-8.54595167,-7.310618399,0,0,0,0.000627136,0.999999803
-8.045953188,-7.309991263,0,0,0,0.000627138,0.999999803
-7.545953181,-7.309365653,0,0,0,0.00062561,0.999999804
-7.045953173,-7.308738516,0,0,0,0.000627136,0.999999803
-6.545953166,-7.30811138,0,0,0,0.000627136,0.999999803
-6.045953158,-7.30748577,0,0,0,0.00062561,0.999999804
-5.545953151,-7.306858634,0,0,0,0.000627136,0.999999803
-5.045954669,-7.306231497,0,0,0,0.000627138,0.999999803
-4.545954662,-7.305605887,0,0,0,0.00062561,0.999999804
-4.04595618,-7.304978751,0,0,0,0.000627138,0.999999803
-3.545956173,-7.304351614,0,0,0,0.000627136,0.999999803
-3.045956165,-7.303726004,0,0,0,0.00062561,0.999999804
-2.545956158,-7.303098868,0,0,0,0.000627136,0.999999803
-2.04595615,-7.302471732,0,0,0,0.000627136,0.999999803
-1.545956143,-7.301846121,0,0,0,0.00062561,0.999999804
-1.045956135,-7.301220511,0,0,0,0.00062561,0.999999804
-0.545957654,-7.300591849,0,0,0,0.000628664,0.999999802
-0.045957646,-7.299966238,0,0,0,0.00062561,0.999999804
0.454042361,-7.299340628,0,0,0,0.00062561,0.999999804
0.954040843,-7.298713492,0,0,0,0.000627138,0.999999803
1.45404085,-7.298086356,0,0,0,0.000627136,0.999999803
1.954040857,-7.297460745,0,0,0,0.00062561,0.999999804
2.454040865,-7.296833609,0,0,0,0.000627136,0.999999803
2.954039346,-7.296206473,0,0,0,0.000627138,0.999999803
3.454039354,-7.295580862,0,0,0,0.00062561,0.999999804
3.954039361,-7.294953726,0,0,0,0.000627136,0.999999803
4.454039369,-7.29432659,0,0,0,0.000627136,0.999999803
4.95403785,-7.29370098,0,0,0,0.000625612,0.999999804
5.454037858,-7.293073843,0,0,0,0.000627136,0.999999803
5.954037865,-7.292446707,0,0,0,0.000627136,0.999999803
6.454037873,-7.291821097,0,0,0,0.00062561,0.999999804
6.954034828,-7.29119396,0,0,0,0.00062714,0.999999803
7.454034836,-7.290566824,0,0,0,0.000627136,0.999999803
7.954034843,-7.289941214,0,0,0,0.00062561,0.999999804
8.454034851,-7.289315604,0,0,0,0.00062561,0.999999804
8.954034858,-7.288686941,0,0,0,0.000628662,0.999999802
9.354034864,-7.288186453,0,0,0,0.00062561,0.999999804
9.353534376,-6.888186447,0,0,0,0.707548989,0.706664296
8.853534368,-6.888813583,0,0,0,-0.999999803,0.000627116
8.353534361,-6.88944072,0,0,0,-0.999999803,0.000627116
7.853534354,-6.89006633,0,0,0,-0.999999804,0.000625567
7.353534346,-6.89069194,0,0,0,-0.999999804,0.000625567
6.853534339,-6.891320602,0,0,0,-0.999999802,0.000628666
6.353534331,-6.891946213,0,0,0,-0.999999804,0.000625567
5.853534324,-6.892571823,0,0,0,-0.999999804,0.000625567
5.353534316,-6.893198959,0,0,0,-0.999999803,0.000627116
4.853537361,-6.893826096,0,0,0,-0.999999803,0.000627116
4.353537353,-6.894451706,0,0,0,-0.999999804,0.000625567
3.853537346,-6.895078842,0,0,0,-0.999999803,0.000627116
3.353537338,-6.895705979,0,0,0,-0.999999803,0.000627116
2.853538857,-6.896331589,0,0,0,-0.999999804,0.000625567
2.353538849,-6.896958725,0,0,0,-0.999999803,0.000627116
1.853538842,-6.897585861,0,0,0,-0.999999803,0.000627116
1.353538834,-6.898211472,0,0,0,-0.999999804,0.000625567
0.853540353,-6.898838608,0,0,0,-0.999999803,0.000627116
0.353540345,-6.899465744,0,0,0,-0.999999803,0.000627116
-0.146459662,-6.900091355,0,0,0,-0.999999804,0.000625567
-0.64645967,-6.900718491,0,0,0,-0.999999803,0.000627116
-1.146458151,-6.901345627,0,0,0,-0.999999803,0.000627116
-1.646458159,-6.901971237,0,0,0,-0.999999804,0.000625567
-2.146458166,-6.902596848,0,0,0,-0.999999804,0.000625567
-2.646458173,-6.90322551,0,0,0,-0.999999802,0.000628666
-3.146456655,-6.90385112,0,0,0,-0.999999804,0.000625567
-3.646456663,-6.904476731,0,0,0,-0.999999804,0.000625567
-4.14645667,-6.905103867,0,0,0,-0.999999803,0.000627116
-4.646456677,-6.905731003,0,0,0,-0.999999803,0.000627116
-5.146456685,-6.906356613,0,0,0,-0.999999804,0.000625567
-5.646455166,-6.90698375,0,0,0,-0.999999803,0.000627116
-6.146455174,-6.907610886,0,0,0,-0.999999803,0.000627116
-6.646453655,-6.908236496,0,0,0,-0.999999804,0.000625567
-7.146453663,-6.908863633,0,0,0,-0.999999803,0.000627116
-7.64645367,-6.909490769,0,0,0,-0.999999803,0.000627116
-8.146453678,-6.910116379,0,0,0,-0.999999804,0.000625567
-8.646452922,-6.910743515,0,0,0,-0.999999803,0.000627116
-9.14645293,-6.911370652,0,0,0,-0.999999803,0.000627116
-9.546452173,-6.91187114,0,0,0,-0.999999804,0.000625567
-9.546954187,-6.511871134,0,0,0,0.707550337,0.706662947
-9.04695418,-6.511245524,0,0,0,0.00062561,0.999999804
-8.546954172,-6.510618387,0,0,0,0.000627136,0.999999803
-8.046954165,-6.509991251,0,0,0,0.000627136,0.999999803
-7.546954157,-6.509365641,0,0,0,0.00062561,0.999999804
-7.046955676,-6.508738504,0,0,0,0.000627138,0.999999803
-6.546955668,-6.508111368,0,0,0,0.000627136,0.999999803
-6.046957187,-6.507485758,0,0,0,0.000625612,0.999999804
-5.546957179,-6.506858622,0,0,0,0.000627136,0.999999803
-5.046957172,-6.506231485,0,0,0,0.000627136,0.999999803
-4.546957164,-6.505605875,0,0,0,0.00062561,0.999999804
-4.046957157,-6.504978739,0,0,0,0.000627136,0.999999803
-3.546957149,-6.504351603,0,0,0,0.000627136,0.999999803
-3.046958668,-6.503725992,0,0,0,0.000625612,0.999999804
-2.54695866,-6.503098856,0,0,0,0.000627136,0.999999803
-2.046958653,-6.50247172,0,0,0,0.000627136,0.999999803
-1.546958645,-6.501846109,0,0,0,0.00062561,0.999999804
-1.046958638,-6.501220499,0,0,0,0.00062561,0.999999804
-0.546960156,-6.500591837,0,0,0,0.000628664,0.999999802
-0.046960149,-6.499966227,0,0,0,0.00062561,0.999999804
0.453039859,-6.499340616,0,0,0,0.00062561,0.999999804
0.95303834,-6.49871348,0,0,0,0.000627138,0.999999803
1.453038348,-6.498086344,0,0,0,0.000627136,0.999999803
1.953038355,-6.497460733,0,0,0,0.00062561,0.999999804
2.453038362,-6.496833597,0,0,0,0.000627136,0.999999803
2.953036844,-6.496206461,0,0,0,0.000627138,0.999999803
3.453036851,-6.49558085,0,0,0,0.00062561,0.999999804
3.953036859,-6.494953714,0,0,0,0.000627136,0.999999803
4.453036866,-6.494326578,0,0,0,0.000627136,0.999999803
4.953033822,-6.493700968,0,0,0,0.000625614,0.999999804
5.45303383,-6.493073831,0,0,0,0.000627136,0.999999803
5.953033837,-6.492446695,0,0,0,0.000627136,0.999999803
6.453033844,-6.491821085,0,0,0,0.00062561,0.999999804
6.953033852,-6.491193949,0,0,0,0.000627136,0.999999803
7.453033859,-6.490566812,0,0,0,0.000627136,0.999999803
7.953033867,-6.489941202,0,0,0,0.00062561,0.999999804
8.453033874,-6.489315592,0,0,0,0.00062561,0.999999804
8.953033882,-6.488686929,0,0,0,0.000628662,0.999999802
9.353033888,-6.488186441,0,0,0,0.00062561,0.999999804
9.352530348,-6.088186435,0,0,0,0.707551685,0.706661597
8.85253034,-6.088815097,0,0,0,-0.999999802,0.000628666
8.352533384,-6.089440708,0,0,0,-0.999999804,0.000625567
7.852533377,-6.090066318,0,0,0,-0.999999804,0.000625567
7.35253337,-6.090693454,0,0,0,-0.999999803,0.000627116
6.852533362,-6.091320591,0,0,0,-0.999999803,0.000627116
6.352533355,-6.091946201,0,0,0,-0.999999804,0.000625567
5.852533347,-6.092573337,0,0,0,-0.999999803,0.000627116
5.35253334,-6.093200473,0,0,0,-0.999999803,0.000627116
4.852533332,-6.093826084,0,0,0,-0.999999804,0.000625567
4.352534851,-6.09445322,0,0,0,-0.999999803,0.000627116
3.852534843,-6.095080356,0,0,0,-0.999999803,0.000627116
3.352534836,-6.095705967,0,0,0,-0.999999804,0.000625567
2.852536354,-6.096333103,0,0,0,-0.999999803,0.000627116
2.352536347,-6.096960239,0,0,0,-0.999999803,0.000627116
1.852536339,-6.097585849,0,0,0,-0.999999804,0.000625567
1.352536332,-6.098212986,0,0,0,-0.999999803,0.000627116
0.85253785,-6.098840122,0,0,0,-0.999999803,0.000627116
0.352537843,-6.099465732,0,0,0,-0.999999804,0.000625567
-0.147462165,-6.100091343,0,0,0,-0.999999804,0.000625567
-0.647462172,-6.100720005,0,0,0,-0.999999802,0.000628666
-1.147460654,-6.101345615,0,0,0,-0.999999804,0.000625567
-1.647460661,-6.101971225,0,0,0,-0.999999804,0.000625567
-2.147460669,-6.102598362,0,0,0,-0.999999803,0.000627116
-2.647460676,-6.103225498,0,0,0,-0.999999803,0.000627116
-3.147460683,-6.103851108,0,0,0,-0.999999804,0.000625567
-3.647459165,-6.104478245,0,0,0,-0.999999803,0.000627116
-4.147459172,-6.105105381,0,0,0,-0.999999803,0.000627116
-4.647457654,-6.105730991,0,0,0,-0.999999804,0.000625567
-5.147457661,-6.106358127,0,0,0,-0.999999803,0.000627116
-5.647457669,-6.106985264,0,0,0,-0.999999803,0.000627116
-6.147457676,-6.107610874,0,0,0,-0.999999804,0.000625567
-6.647457684,-6.10823801,0,0,0,-0.999999803,0.000627116
-7.147457691,-6.108865146,0,0,0,-0.999999803,0.000627116
-7.647456173,-6.109490757,0,0,0,-0.999999804,0.000625567
-8.14745618,-6.110117893,0,0,0,-0.999999803,0.000627116
-8.647455425,-6.110745029,0,0,0,-0.999999803,0.000627116
-9.147455432,-6.11137064,0,0,0,-0.999999804,0.000625567
-9.547454675,-6.111871128,0,0,0,-0.999999804,0.000625567
-9.547956689,-5.711871122,0,0,0,0.707550337,0.706662947
-9.047956682,-5.711245512,0,0,0,0.00062561,0.999999804
-8.547956675,-5.710619901,0,0,0,0.00062561,0.999999804
-8.047958193,-5.709991239,0,0,0,0.000628664,0.999999802
-7.547958185,-5.709365629,0,0,0,0.00062561,0.999999804
-7.047958178,-5.708740018,0,0,0,0.00062561,0.999999804
-6.547958171,-5.708112882,0,0,0,0.000627136,0.999999803
-6.047958163,-5.707485746,0,0,0,0.000627136,0.999999803
-5.547958156,-5.706860136,0,0,0,0.00062561,0.999999804
-5.047959674,-5.706232999,0,0,0,0.000627138,0.999999803
-4.547959667,-5.705605863,0,0,0,0.000627136,0.999999803
-4.047961185,-5.704980253,0,0,0,0.000625612,0.999999804
-3.547961178,-5.704353117,0,0,0,0.000627136,0.999999803
-3.04796117,-5.70372598,0,0,0,0.000627136,0.999999803
-2.547961163,-5.70310037,0,0,0,0.00062561,0.999999804
-2.047961155,-5.702473234,0,0,0,0.000627136,0.999999803
-1.547961148,-5.701846097,0,0,0,0.000627136,0.999999803
-1.04796114,-5.701220487,0,0,0,0.00062561,0.999999804
-0.547962659,-5.700593351,0,0,0,0.000627138,0.999999803
-0.047962651,-5.699966215,0,0,0,0.000627136,0.999999803
0.452037356,-5.699340604,0,0,0,0.00062561,0.999999804
0.952035838,-5.698714994,0,0,0,0.000625612,0.999999804
1.452035845,-5.698086332,0,0,0,0.000628662,0.999999802
1.952035853,-5.697460721,0,0,0,0.00062561,0.999999804
2.45203586,-5.696835111,0,0,0,0.00062561,0.999999804
2.952034342,-5.696207975,0,0,0,0.000627138,0.999999803
3.452034349,-5.695580839,0,0,0,0.000627136,0.999999803
3.952034356,-5.694955228,0,0,0,0.00062561,0.999999804
4.452034364,-5.694328092,0,0,0,0.000627136,0.999999803
4.952032846,-5.693700956,0,0,0,0.000627138,0.999999803
5.452032853,-5.693075345,0,0,0,0.00062561,0.999999804
5.95203286,-5.692448209,0,0,0,0.000627136,0.999999803
6.452032868,-5.691821073,0,0,0,0.000627136,0.999999803
6.952032875,-5.691195463,0,0,0,0.00062561,0.999999804
7.452032883,-5.690568326,0,0,0,0.000627136,0.999999803
7.95203289,-5.68994119,0,0,0,0.000627136,0.999999803
8.452032898,-5.68931558,0,0,0,0.00062561,0.999999804
8.952029853,-5.688688443,0,0,0,0.00062714,0.999999803
9.352029859,-5.688186429,0,0,0,0.000627517,0.999999803
9.351526319,-5.288187949,0,0,0,0.707551685,0.706661597
8.851526312,-5.288815085,0,0,0,-0.999999803,0.000627116
8.351529356,-5.289440696,0,0,0,-0.999999804,0.000625567
7.851529349,-5.290067832,0,0,0,-0.999999803,0.000627116
7.351529341,-5.290694968,0,0,0,-0.999999803,0.000627116
6.851529334,-5.291320579,0,0,0,-0.999999804,0.000625567
6.351532378,-5.291947715,0,0,0,-0.999999803,0.000627116
5.851532371,-5.292574851,0,0,0,-0.999999803,0.000627116
5.351532363,-5.293200461,0,0,0,-0.999999804,0.000625567
4.851532356,-5.293827598,0,0,0,-0.999999803,0.000627116
4.351532348,-5.294454734,0,0,0,-0.999999803,0.000627116
3.851532341,-5.295080344,0,0,0,-0.999999804,0.000625567
3.351532333,-5.295707481,0,0,0,-0.999999803,0.000627116
2.851533852,-5.296334617,0,0,0,-0.999999803,0.000627116
2.351533844,-5.296960227,0,0,0,-0.999999804,0.000625567
1.851533837,-5.297585838,0,0,0,-0.999999804,0.000625567
1.351533829,-5.2982145,0,0,0,-0.999999802,0.000628666
0.851535348,-5.29884011,0,0,0,-0.999999804,0.000625567
0.35153534,-5.29946572,0,0,0,-0.999999804,0.000625567
-0.148464667,-5.300092857,0,0,0,-0.999999803,0.000627116
-0.648464674,-5.300719993,0,0,0,-0.999999803,0.000627116
-1.148463156,-5.301345603,0,0,0,-0.999999804,0.000625567
-1.648463164,-5.301972739,0,0,0,-0.999999803,0.000627116
-2.148463171,-5.302599876,0,0,0,-0.999999803,0.000627116
-2.648463178,-5.303225486,0,0,0,-0.999999804,0.000625567
-3.14846166,-5.303852622,0,0,0,-0.999999803,0.000627116
-3.648461667,-5.304479759,0,0,0,-0.999999803,0.000627116
-4.148461675,-5.305105369,0,0,0,-0.999999804,0.000625567
-4.648461682,-5.305732505,0,0,0,-0.999999803,0.000627116
-5.14846169,-5.306359641,0,0,0,-0.999999803,0.000627116
-5.648460171,-5.306985252,0,0,0,-0.999999804,0.000625567
-6.148460179,-5.307612388,0,0,0,-0.999999803,0.000627116
-6.64845866,-5.308239524,0,0,0,-0.999999803,0.000627116
-7.148458668,-5.308865135,0,0,0,-0.999999804,0.000625567
-7.648458675,-5.309490745,0,0,0,-0.999999804,0.000625567
-8.148458683,-5.310119407,0,0,0,-0.999999802,0.000628666
-8.648457927,-5.310745017,0,0,0,-0.999999804,0.000625567
-9.148457935,-5.311370628,0,0,0,-0.999999804,0.000625567
-9.548457178,-5.311872642,0,0,0,-0.999999803,0.000627474
-9.548959192,-4.911872636,0,0,0,0.707550337,0.706662947
-9.048959184,-4.9112455,0,0,0,0.000627136,0.999999803
-8.548959177,-4.910619889,0,0,0,0.00062561,0.999999804
-8.04895917,-4.909992753,0,0,0,0.000627136,0.999999803
-7.548959162,-4.909365617,0,0,0,0.000627136,0.999999803
-7.048960681,-4.908740007,0,0,0,0.000625612,0.999999804
-6.548960673,-4.908114396,0,0,0,0.00062561,0.999999804
-6.048962191,-4.907485734,0,0,0,0.000628664,0.999999802
-5.548962184,-4.906860124,0,0,0,0.00062561,0.999999804
-5.048962177,-4.906234513,0,0,0,0.00062561,0.999999804
-4.548962169,-4.905607377,0,0,0,0.000627136,0.999999803
-4.048962162,-4.904980241,0,0,0,0.000627136,0.999999803
-3.548962154,-4.90435463,0,0,0,0.00062561,0.999999804
-3.048963673,-4.903727494,0,0,0,0.000627138,0.999999803
-2.548963665,-4.903100358,0,0,0,0.000627136,0.999999803
-2.048963658,-4.902474748,0,0,0,0.00062561,0.999999804
-1.54896365,-4.901847611,0,0,0,0.000627136,0.999999803
-1.048963643,-4.901220475,0,0,0,0.000627136,0.999999803
-0.548965161,-4.900594865,0,0,0,0.000625612,0.999999804
-0.048965154,-4.899967729,0,0,0,0.000627136,0.999999803
0.451034854,-4.899340592,0,0,0,0.000627136,0.999999803
0.951033335,-4.898714982,0,0,0,0.000625612,0.999999804
1.451033343,-4.898087846,0,0,0,0.000627136,0.999999803
1.95103335,-4.897460709,0,0,0,0.000627136,0.999999803
2.451033358,-4.896835099,0,0,0,0.00062561,0.999999804
2.951031839,-4.896209489,0,0,0,0.000625612,0.999999804
3.451031847,-4.895580827,0,0,0,0.000628662,0.999999802
3.951031854,-4.894955216,0,0,0,0.00062561,0.999999804
4.451031861,-4.894329606,0,0,0,0.00062561,0.999999804
4.951031869,-4.893700944,0,0,0,0.000628662,0.999999802
5.451031876,-4.893075333,0,0,0,0.00062561,0.999999804
5.951031884,-4.892449723,0,0,0,0.00062561,0.999999804
6.451031891,-4.891822587,0,0,0,0.000627136,0.999999803
6.951028847,-4.891195451,0,0,0,0.00062714,0.999999803
7.451028854,-4.89056984,0,0,0,0.00062561,0.999999804
7.951028862,-4.889942704,0,0,0,0.000627136,0.999999803
8.451028869,-4.889315568,0,0,0,0.000627136,0.999999803
8.951025825,-4.888689957,0,0,0,0.000625614,0.999999804
9.400714552,-4.638125378,0,0,0,0.251447412,0.967870962
9.400525343,-4.488125376,0,0,0,0.707552612,0.706660669
8.900525336,-4.488750987,0,0,0,-0.999999804,0.000625567
8.400525329,-4.489379649,0,0,0,-0.999999802,0.000628666
7.900525321,-4.490005259,0,0,0,-0.999999804,0.000625567
7.400525314,-4.490630869,0,0,0,-0.999999804,0.000625567
6.900525306,-4.491259532,0,0,0,-0.999999802,0.000628666
6.40052835,-4.491885142,0,0,0,-0.999999804,0.000625567
5.900528343,-4.492510752,0,0,0,-0.999999804,0.000625567
5.400528336,-4.493137889,0,0,0,-0.999999803,0.000627116
4.900528328,-4.493765025,0,0,0,-0.999999803,0.000627116
4.400529847,-4.494390635,0,0,0,-0.999999804,0.000625567
3.900529839,-4.495017771,0,0,0,-0.999999803,0.000627116
3.400529832,-4.495644908,0,0,0,-0.999999803,0.000627116
2.90053135,-4.496270518,0,0,0,-0.999999804,0.000625567
2.400531343,-4.496897654,0,0,0,-0.999999803,0.000627116
1.900531335,-4.49752479,0,0,0,-0.999999803,0.000627116
1.400531328,-4.498150401,0,0,0,-0.999999804,0.000625567
0.900532846,-4.498777537,0,0,0,-0.999999803,0.000627116
0.400532839,-4.499404673,0,0,0,-0.999999803,0.000627116
-0.099467169,-4.500030284,0,0,0,-0.999999804,0.000625567
-0.599467176,-4.50065742,0,0,0,-0.999999803,0.000627116
-1.099465658,-4.501284556,0,0,0,-0.999999803,0.000627116
-1.599465665,-4.501910166,0,0,0,-0.999999804,0.000625567
-2.099465673,-4.502535777,0,0,0,-0.999999804,0.000625567
-2.59946568,-4.503164439,0,0,0,-0.999999802,0.000628666
-3.099465688,-4.503790049,0,0,0,-0.999999804,0.000625567
-3.599464169,-4.50441566,0,0,0,-0.999999804,0.000625567
-4.099464177,-4.505042796,0,0,0,-0.999999803,0.000627116
-4.599462658,-4.505669932,0,0,0,-0.999999803,0.000627116
-5.099462666,-4.506295543,0,0,0,-0.999999804,0.000625567
-5.599462673,-4.506922679,0,0,0,-0.999999803,0.000627116
-6.099462681,-4.507549815,0,0,0,-0.999999803,0.000627116
-6.599462688,-4.508175425,0,0,0,-0.999999804,0.000625567
-7.099462695,-4.508802562,0,0,0,-0.999999803,0.000627116
-7.599461177,-4.509429698,0,0,0,-0.999999803,0.000627116
-8.099461184,-4.510055308,0,0,0,-0.999999804,0.000625567
-8.599460429,-4.510682444,0,0,0,-0.999999803,0.000627116
-9.099460436,-4.511309581,0,0,0,-0.999999803,0.000627116
-9.54945968,-4.51187263,0,0,0,-0.999999804,0.000625567
-9.549961694,-4.11187415,0,0,0,0.707550337,0.706662947
-9.049961687,-4.111247014,0,0,0,0.000627136,0.999999803
-8.549961679,-4.110619877,0,0,0,0.000627136,0.999999803
-8.049963198,-4.109994267,0,0,0,0.000625612,0.999999804
-7.54996319,-4.109367131,0,0,0,0.000627136,0.999999803
-7.049963183,-4.108739995,0,0,0,0.000627136,0.999999803
-6.549963176,-4.108114384,0,0,0,0.00062561,0.999999804
-6.049963168,-4.107487248,0,0,0,0.000627136,0.999999803
-5.549963161,-4.106860112,0,0,0,0.000627136,0.999999803
-5.049964679,-4.106234501,0,0,0,0.000625612,0.999999804
-4.549964672,-4.105608891,0,0,0,0.00062561,0.999999804
-4.04996619,-4.104980229,0,0,0,0.000628664,0.999999802
-3.549966183,-4.104354619,0,0,0,0.00062561,0.999999804
-3.049966175,-4.103729008,0,0,0,0.00062561,0.999999804
-2.549966168,-4.103100346,0,0,0,0.000628662,0.999999802
-2.04996616,-4.102474736,0,0,0,0.00062561,0.999999804
-1.549966153,-4.101849125,0,0,0,0.00062561,0.999999804
-1.049966145,-4.101221989,0,0,0,0.000627136,0.999999803
-0.549967664,-4.100594853,0,0,0,0.000627138,0.999999803
-0.049967656,-4.099969243,0,0,0,0.00062561,0.999999804
0.450032351,-4.099342106,0,0,0,0.000627136,0.999999803
0.950030833,-4.09871497,0,0,0,0.000627138,0.999999803
1.45003084,-4.09808936,0,0,0,0.00062561,0.999999804
1.950030848,-4.097462223,0,0,0,0.000627136,0.999999803
2.450030855,-4.096835087,0,0,0,0.000627136,0.999999803
2.950029337,-4.096209477,0,0,0,0.000625612,0.999999804
3.450029344,-4.095582341,0,0,0,0.000627136,0.999999803
3.950029352,-4.094955204,0,0,0,0.000627136,0.999999803
4.450029359,-4.094329594,0,0,0,0.00062561,0.999999804
4.950027841,-4.093702458,0,0,0,0.000627138,0.999999803
5.450027848,-4.093075322,0,0,0,0.000627136,0.999999803
5.950027855,-4.092449711,0,0,0,0.00062561,0.999999804
6.450027863,-4.091824101,0,0,0,0.00062561,0.999999804
6.950024819,-4.091195439,0,0,0,0.000628666,0.999999802
7.450024826,-4.090569828,0,0,0,0.00062561,0.999999804
7.950024834,-4.089944218,0,0,0,0.00062561,0.999999804
8.450024841,-4.089317082,0,0,0,0.000627136,0.999999803
8.950024848,-4.088689945,0,0,0,0.000627136,0.999999803
9.400024855,-4.08812537,0,0,0,0.000627305,0.999999803
9.399524367,-3.688125364,0,0,0,0.707548989,0.706664296
8.899524359,-3.688752501,0,0,0,-0.999999803,0.000627116
8.399524352,-3.689379637,0,0,0,-0.999999803,0.000627116
7.899524345,-3.690005247,0,0,0,-0.999999804,0.000625567
7.399524337,-3.690632383,0,0,0,-0.999999803,0.000627116
6.89952433,-3.69125952,0,0,0,-0.999999803,0.000627116
6.399524322,-3.69188513,0,0,0,-0.999999804,0.000625567
5.899524315,-3.692512266,0,0,0,-0.999999803,0.000627116
5.399524307,-3.693139402,0,0,0,-0.999999803,0.000627116
4.8995243,-3.693765013,0,0,0,-0.999999804,0.000625567
4.399527344,-3.694392149,0,0,0,-0.999999803,0.000627116
3.899527337,-3.695019285,0,0,0,-0.999999803,0.000627116
3.399527329,-3.695644896,0,0,0,-0.999999804,0.000625567
2.899528848,-3.696272032,0,0,0,-0.999999803,0.000627116
2.39952884,-3.696899168,0,0,0,-0.999999803,0.000627116
1.899528833,-3.697524779,0,0,0,-0.999999804,0.000625567
1.399528825,-3.698150389,0,0,0,-0.999999804,0.000625567
0.899530344,-3.698779051,0,0,0,-0.999999802,0.000628666
0.399530336,-3.699404661,0,0,0,-0.999999804,0.000625567
-0.100469671,-3.700030272,0,0,0,-0.999999804,0.000625567
-0.600469679,-3.700658934,0,0,0,-0.999999802,0.000628666
-1.10046816,-3.701284544,0,0,0,-0.999999804,0.000625567
-1.600468168,-3.701910155,0,0,0,-0.999999804,0.000625567
-2.100468175,-3.702537291,0,0,0,-0.999999803,0.000627116
-2.600468183,-3.703164427,0,0,0,-0.999999803,0.000627116
-3.100466664,-3.703790037,0,0,0,-0.999999804,0.000625567
-3.600466672,-3.704417174,0,0,0,-0.999999803,0.000627116
-4.100466679,-3.70504431,0,0,0,-0.999999803,0.000627116
-4.600466686,-3.70566992,0,0,0,-0.999999804,0.000625567
-5.100466694,-3.706297056,0,0,0,-0.999999803,0.000627116
-5.600465176,-3.706924193,0,0,0,-0.999999803,0.000627116
-6.100465183,-3.707549803,0,0,0,-0.999999804,0.000625567
-6.600463665,-3.708176939,0,0,0,-0.999999803,0.000627116
-7.100463672,-3.708804076,0,0,0,-0.999999803,0.000627116
-7.600463679,-3.709429686,0,0,0,-0.999999804,0.000625567
-8.100463687,-3.710056822,0,0,0,-0.999999803,0.000627116
-8.600462931,-3.710683958,0,0,0,-0.999999803,0.000627116
-9.100462939,-3.711309569,0,0,0,-0.999999804,0.000625567
-9.550462183,-3.711874144,0,0,0,-0.999999803,0.000627355
-9.550775751,-3.46187414,0,0,0,0.707550085,0.7066632
-9.050964189,-3.311248528,0,0,0,0.145832314,0.989309323
-8.550964182,-3.310621391,0,0,0,0.000627136,0.999999803
-8.050964174,-3.309994255,0,0,0,0.000627136,0.999999803
-7.550964167,-3.309368645,0,0,0,0.00062561,0.999999804
-7.050965685,-3.308741509,0,0,0,0.000627138,0.999999803
-6.550965678,-3.308114372,0,0,0,0.000627136,0.999999803
-6.050967196,-3.307488762,0,0,0,0.000625612,0.999999804
-5.550967189,-3.306861626,0,0,0,0.000627136,0.999999803
-5.050967181,-3.306234489,0,0,0,0.000627136,0.999999803
-4.550967174,-3.305608879,0,0,0,0.00062561,0.999999804
-4.050967167,-3.304981743,0,0,0,0.000627136,0.999999803
-3.550967159,-3.304354607,0,0,0,0.000627136,0.999999803
-3.050968678,-3.303728996,0,0,0,0.000625612,0.999999804
-2.55096867,-3.30310186,0,0,0,0.000627136,0.999999803
-2.050968663,-3.302474724,0,0,0,0.000627136,0.999999803
-1.550968655,-3.301849113,0,0,0,0.00062561,0.999999804
-1.050968648,-3.301223503,0,0,0,0.00062561,0.999999804
-0.550970166,-3.300594841,0,0,0,0.000628664,0.999999802
-0.050970159,-3.299969231,0,0,0,0.00062561,0.999999804
0.449029849,-3.29934362,0,0,0,0.00062561,0.999999804
0.94902833,-3.298716484,0,0,0,0.000627138,0.999999803
1.449028338,-3.298089348,0,0,0,0.000627136,0.999999803
1.949028345,-3.297463737,0,0,0,0.00062561,0.999999804
2.449028353,-3.296836601,0,0,0,0.000627136,0.999999803
2.949026834,-3.296209465,0,0,0,0.000627138,0.999999803
3.449026842,-3.295583855,0,0,0,0.00062561,0.999999804
3.949026849,-3.294956718,0,0,0,0.000627136,0.999999803
4.449026857,-3.294329582,0,0,0,0.000627136,0.999999803
4.949023812,-3.293703972,0,0,0,0.000625614,0.999999804
5.44902382,-3.293076835,0,0,0,0.000627136,0.999999803
5.949023827,-3.292449699,0,0,0,0.000627136,0.999999803
6.449023835,-3.291824089,0,0,0,0.00062561,0.999999804
6.949023842,-3.291196953,0,0,0,0.000627136,0.999999803
7.44902385,-3.290569816,0,0,0,0.000627136,0.999999803
7.949023857,-3.289944206,0,0,0,0.00062561,0.999999804
8.449023864,-3.289318596,0,0,0,0.00062561,0.999999804
8.949023872,-3.288689934,0,0,0,0.000628662,0.999999802
9.399023879,-3.288126884,0,0,0,0.00062561,0.999999804
9.398520339,-2.888126878,0,0,0,0.707551685,0.706661597
8.898520331,-2.888754015,0,0,0,-0.999999803,0.000627116
8.398523375,-2.889379625,0,0,0,-0.999999804,0.000625567
7.898523368,-2.890006761,0,0,0,-0.999999803,0.000627116
7.39852336,-2.890633897,0,0,0,-0.999999803,0.000627116
6.898523353,-2.891259508,0,0,0,-0.999999804,0.000625567
6.398523346,-2.891886644,0,0,0,-0.999999803,0.000627116
5.898523338,-2.89251378,0,0,0,-0.999999803,0.000627116
5.398523331,-2.893139391,0,0,0,-0.999999804,0.000625567
4.898523323,-2.893766527,0,0,0,-0.999999803,0.000627116
4.398524842,-2.894393663,0,0,0,-0.999999803,0.000627116
3.898524834,-2.895019273,0,0,0,-0.999999804,0.000625567
3.398524827,-2.895644884,0,0,0,-0.999999804,0.000625567
2.898526345,-2.896273546,0,0,0,-0.999999802,0.000628666
2.398526338,-2.896899156,0,0,0,-0.999999804,0.000625567
1.89852633,-2.897524767,0,0,0,-0.999999804,0.000625567
1.398526323,-2.898151903,0,0,0,-0.999999803,0.000627116
0.898527841,-2.898779039,0,0,0,-0.999999803,0.000627116
0.398527834,-2.899404649,0,0,0,-0.999999804,0.000625567
-0.101472174,-2.900031786,0,0,0,-0.999999803,0.000627116
-0.601472181,-2.900658922,0,0,0,-0.999999803,0.000627116
-1.101470663,-2.901284532,0,0,0,-0.999999804,0.000625567
-1.60147067,-2.901911669,0,0,0,-0.999999803,0.000627116
-2.101470678,-2.902538805,0,0,0,-0.999999803,0.000627116
-2.601470685,-2.903164415,0,0,0,-0.999999804,0.000625567
-3.101470692,-2.903791551,0,0,0,-0.999999803,0.000627116
-3.601469174,-2.904418688,0,0,0,-0.999999803,0.000627116
-4.101469182,-2.905044298,0,0,0,-0.999999804,0.000625567
-4.601467663,-2.905671434,0,0,0,-0.999999803,0.000627116
-5.101467671,-2.90629857,0,0,0,-0.999999803,0.000627116
-5.601467678,-2.906924181,0,0,0,-0.999999804,0.000625567
-6.101467685,-2.907549791,0,0,0,-0.999999804,0.000625567
-6.601467693,-2.908178453,0,0,0,-0.999999802,0.000628666
-7.1014677,-2.908804064,0,0,0,-0.999999804,0.000625567
-7.601466182,-2.909429674,0,0,0,-0.999999804,0.000625567
-8.101466189,-2.910058336,0,0,0,-0.999999802,0.000628666
-8.601465434,-2.910683946,0,0,0,-0.999999804,0.000625567
-9.101465441,-2.911309557,0,0,0,-0.999999804,0.000625567
-9.501464684,-2.911811571,0,0,0,-0.999999803,0.000627474
-9.501966699,-2.511811565,0,0,0,0.707550337,0.706662947
-9.001966691,-2.511184429,0,0,0,0.000627136,0.999999803
-8.501966684,-2.510558818,0,0,0,0.00062561,0.999999804
-8.001968202,-2.509931682,0,0,0,0.000627138,0.999999803
-7.501968195,-2.509304546,0,0,0,0.000627136,0.999999803
-7.001968187,-2.508678936,0,0,0,0.00062561,0.999999804
-6.50196818,-2.508051799,0,0,0,0.000627136,0.999999803
-6.001968172,-2.507424663,0,0,0,0.000627136,0.999999803
-5.501968165,-2.506799053,0,0,0,0.00062561,0.999999804
-5.001969683,-2.506173442,0,0,0,0.000625612,0.999999804
-4.501969676,-2.50554478,0,0,0,0.000628662,0.999999802
-4.001971194,-2.50491917,0,0,0,0.000625612,0.999999804
-3.501971187,-2.50429356,0,0,0,0.00062561,0.999999804
-3.001971179,-2.503666423,0,0,0,0.000627136,0.999999803
-2.501972698,-2.503039287,0,0,0,0.000627138,0.999999803
-2.00197269,-2.502413677,0,0,0,0.00062561,0.999999804
-1.501972683,-2.50178654,0,0,0,0.000627136,0.999999803
-1.001974201,-2.501159404,0,0,0,0.000627138,0.999999803
-0.501974194,-2.500533794,0,0,0,0.00062561,0.999999804
-0.001974186,-2.499906658,0,0,0,0.000627136,0.999999803
0.498025821,-2.499279521,0,0,0,0.000627136,0.999999803
0.998024303,-2.498653911,0,0,0,0.000625612,0.999999804
1.49802431,-2.498026775,0,0,0,0.000627136,0.999999803
1.998024318,-2.497399639,0,0,0,0.000627136,0.999999803
2.498024325,-2.496774028,0,0,0,0.00062561,0.999999804
2.998022807,-2.496146892,0,0,0,0.000627138,0.999999803
3.498022814,-2.495519756,0,0,0,0.000627136,0.999999803
3.998022822,-2.494894145,0,0,0,0.00062561,0.999999804
4.498022829,-2.494268535,0,0,0,0.00062561,0.999999804
4.998022836,-2.493639873,0,0,0,0.000628662,0.999999802
5.498022844,-2.493014263,0,0,0,0.00062561,0.999999804
5.998022851,-2.492388652,0,0,0,0.00062561,0.999999804
6.498022859,-2.491761516,0,0,0,0.000627136,0.999999803
6.998019814,-2.49113438,0,0,0,0.00062714,0.999999803
7.498019822,-2.490508769,0,0,0,0.00062561,0.999999804
7.998019829,-2.489881633,0,0,0,0.000627136,0.999999803
8.498019837,-2.489254497,0,0,0,0.000627136,0.999999803
8.998016793,-2.488628886,0,0,0,0.000625614,0.999999804
9.398016798,-2.488126872,0,0,0,0.000627517,0.999999803
9.39751631,-2.088128392,0,0,0,0.707548989,0.706664296
8.897516303,-2.088754003,0,0,0,-0.999999804,0.000625567
8.397519347,-2.089381139,0,0,0,-0.999999803,0.000627116
7.89751934,-2.090008275,0,0,0,-0.999999803,0.000627116
7.397519332,-2.090633885,0,0,0,-0.999999804,0.000625567
6.897519325,-2.091261022,0,0,0,-0.999999803,0.000627116
6.397522369,-2.091888158,0,0,0,-0.999999803,0.000627116
5.897522362,-2.092513768,0,0,0,-0.999999804,0.000625567
5.397522354,-2.093139379,0,0,0,-0.999999804,0.000625567
4.897522347,-2.093768041,0,0,0,-0.999999802,0.000628666
4.397522339,-2.094393651,0,0,0,-0.999999804,0.000625567
3.897522332,-2.095019261,0,0,0,-0.999999804,0.000625567
3.397522324,-2.095646398,0,0,0,-0.999999803,0.000627116
2.897523843,-2.096273534,0,0,0,-0.999999803,0.000627116
2.397523835,-2.096899144,0,0,0,-0.999999804,0.000625567
1.897523828,-2.097526281,0,0,0,-0.999999803,0.000627116
1.39752382,-2.098153417,0,0,0,-0.999999803,0.000627116
0.897525339,-2.098779027,0,0,0,-0.999999804,0.000625567
0.397525331,-2.099406163,0,0,0,-0.999999803,0.000627116
-0.102474676,-2.1000333,0,0,0,-0.999999803,0.000627116
-0.602474684,-2.10065891,0,0,0,-0.999999804,0.000625567
-1.102473165,-2.101286046,0,0,0,-0.999999803,0.000627116
-1.602473173,-2.101913182,0,0,0,-0.999999803,0.000627116
-2.10247318,-2.102538793,0,0,0,-0.999999804,0.000625567
-2.602473187,-2.103165929,0,0,0,-0.999999803,0.000627116
-3.102471669,-2.103793065,0,0,0,-0.999999803,0.000627116
-3.602471677,-2.104418676,0,0,0,-0.999999804,0.000625567
-4.102471684,-2.105044286,0,0,0,-0.999999804,0.000625567
-4.602471691,-2.105672948,0,0,0,-0.999999802,0.000628666
-5.102471699,-2.106298559,0,0,0,-0.999999804,0.000625567
-5.60247018,-2.106924169,0,0,0,-0.999999804,0.000625567
-6.102470188,-2.107551305,0,0,0,-0.999999803,0.000627116
-6.602468669,-2.108178441,0,0,0,-0.999999803,0.000627116
-7.102468677,-2.108804052,0,0,0,-0.999999804,0.000625567
-7.602468684,-2.109431188,0,0,0,-0.999999803,0.000627116
-8.102468692,-2.110058324,0,0,0,-0.999999803,0.000627116
-8.602467936,-2.110683935,0,0,0,-0.999999804,0.000625567
-9.102467944,-2.111311071,0,0,0,-0.999999803,0.000627116
-9.502467187,-2.111813085,0,0,0,-0.999999803,0.000627474
-9.502969201,-1.711813079,0,0,0,0.707550337,0.706662947
-9.002969194,-1.711185943,0,0,0,0.000627136,0.999999803
-8.502969186,-1.710560332,0,0,0,0.00062561,0.999999804
-8.002969179,-1.709933196,0,0,0,0.000627136,0.999999803
-7.502969171,-1.70930606,0,0,0,0.000627136,0.999999803
-7.00297069,-1.70868045,0,0,0,0.000625612,0.999999804
-6.502970682,-1.708053313,0,0,0,0.000627136,0.999999803
-6.002972201,-1.707427703,0,0,0,0.000625612,0.999999804
-5.502972193,-1.706800567,0,0,0,0.000627136,0.999999803
-5.002972186,-1.70617343,0,0,0,0.000627136,0.999999803
-4.502972178,-1.70554782,0,0,0,0.00062561,0.999999804
-4.002972171,-1.704920684,0,0,0,0.000627136,0.999999803
-3.502972163,-1.704293548,0,0,0,0.000627136,0.999999803
-3.002973682,-1.703667937,0,0,0,0.000625612,0.999999804
-2.5029752,-1.703040801,0,0,0,0.000627138,0.999999803
-2.002975193,-1.702415191,0,0,0,0.00062561,0.999999804
-1.502975185,-1.701788054,0,0,0,0.000627136,0.999999803
-1.002976704,-1.701160918,0,0,0,0.000627138,0.999999803
-0.502976696,-1.700535308,0,0,0,0.00062561,0.999999804
-0.002976689,-1.699908172,0,0,0,0.000627136,0.999999803
0.497023319,-1.699281035,0,0,0,0.000627136,0.999999803
0.9970218,-1.698655425,0,0,0,0.000625612,0.999999804
1.497021808,-1.698028289,0,0,0,0.000627136,0.999999803
1.997021815,-1.697401153,0,0,0,0.000627136,0.999999803
2.497021823,-1.696775542,0,0,0,0.00062561,0.999999804
2.997020304,-1.696148406,0,0,0,0.000627138,0.999999803
3.497020312,-1.695522796,0,0,0,0.00062561,0.999999804
3.997020319,-1.694895659,0,0,0,0.000627136,0.999999803
4.497020327,-1.694268523,0,0,0,0.000627136,0.999999803
4.997018808,-1.693642913,0,0,0,0.000625612,0.999999804
5.497018816,-1.693015776,0,0,0,0.000627136,0.999999803
5.997018823,-1.69238864,0,0,0,0.000627136,0.999999803
6.49701883,-1.69176303,0,0,0,0.00062561,0.999999804
6.997015786,-1.691135894,0,0,0,0.00062714,0.999999803
7.497015794,-1.690508757,0,0,0,0.000627136,0.999999803
7.997015801,-1.689883147,0,0,0,0.00062561,0.999999804
8.497015808,-1.689256011,0,0,0,0.000627136,0.999999803
8.997015816,-1.6886304,0,0,0,0.00062561,0.999999804
9.397015822,-1.688128386,0,0,0,0.000627517,0.999999803
9.396704543,-1.438128383,0,0,0,0.707546841,0.706666447
8.896515326,-1.288755517,0,0,0,0.98949132,0.144592278
8.396515319,-1.289381127,0,0,0,-0.999999804,0.000625567
7.896515311,-1.290008263,0,0,0,-0.999999803,0.000627116
7.396515304,-1.290635399,0,0,0,-0.999999803,0.000627116
6.896515296,-1.29126101,0,0,0,-0.999999804,0.000625567
6.396518341,-1.291888146,0,0,0,-0.999999803,0.000627116
5.896518333,-1.292515282,0,0,0,-0.999999803,0.000627116
5.396518326,-1.293140893,0,0,0,-0.999999804,0.000625567
4.896518318,-1.293768029,0,0,0,-0.999999803,0.000627116
4.396519837,-1.294393639,0,0,0,-0.999999804,0.000625567
3.896519829,-1.295020775,0,0,0,-0.999999803,0.000627116
3.396519822,-1.295647912,0,0,0,-0.999999803,0.000627116
2.89652134,-1.296273522,0,0,0,-0.999999804,0.000625567
2.396521333,-1.296900658,0,0,0,-0.999999803,0.000627116
1.896521325,-1.297527795,0,0,0,-0.999999803,0.000627116
1.396521318,-1.298153405,0,0,0,-0.999999804,0.000625567
0.896522836,-1.298780541,0,0,0,-0.999999803,0.000627116
0.396522829,-1.299406151,0,0,0,-0.999999804,0.000625567
-0.103477179,-1.300033288,0,0,0,-0.999999803,0.000627116
-0.603477186,-1.300660424,0,0,0,-0.999999803,0.000627116
-1.103475668,-1.301286034,0,0,0,-0.999999804,0.000625567
-1.603475675,-1.301913171,0,0,0,-0.999999803,0.000627116
-2.103475682,-1.302540307,0,0,0,-0.999999803,0.000627116
-2.60347569,-1.303165917,0,0,0,-0.999999804,0.000625567
-3.103475697,-1.303793053,0,0,0,-0.999999803,0.000627116
-3.603474179,-1.30442019,0,0,0,-0.999999803,0.000627116
-4.103474186,-1.3050458,0,0,0,-0.999999804,0.000625567
-4.603472668,-1.305672936,0,0,0,-0.999999803,0.000627116
-5.103472675,-1.306298547,0,0,0,-0.999999804,0.000625567
-5.603472683,-1.306925683,0,0,0,-0.999999803,0.000627116
-6.10347269,-1.307552819,0,0,0,-0.999999803,0.000627116
-6.603472698,-1.308178429,0,0,0,-0.999999804,0.000625567
-7.103472705,-1.308805566,0,0,0,-0.999999803,0.000627116
-7.603471187,-1.309432702,0,0,0,-0.999999803,0.000627116
-8.103471194,-1.310058312,0,0,0,-0.999999804,0.000625567
-8.603470439,-1.310685449,0,0,0,-0.999999803,0.000627116
-9.103470446,-1.311312585,0,0,0,-0.999999803,0.000627116
-9.503469689,-1.311813073,0,0,0,-0.999999804,0.000625567
-9.503971703,-0.911813067,0,0,0,0.707550337,0.706662947
-9.003971696,-0.911185931,0,0,0,0.000627136,0.999999803
-8.503971689,-0.91056032,0,0,0,0.00062561,0.999999804
-8.003973207,-0.909933184,0,0,0,0.000627138,0.999999803
-7.503973199,-0.909306048,0,0,0,0.000627136,0.999999803
-7.003973192,-0.908680438,0,0,0,0.00062561,0.999999804
-6.503973185,-0.908053301,0,0,0,0.000627136,0.999999803
-6.003973177,-0.907427691,0,0,0,0.00062561,0.999999804
-5.50397317,-0.906800555,0,0,0,0.000627136,0.999999803
-5.003974688,-0.906173419,0,0,0,0.000627138,0.999999803
-4.503974681,-0.905547808,0,0,0,0.00062561,0.999999804
-4.003976199,-0.904920672,0,0,0,0.000627138,0.999999803
-3.503976192,-0.904293536,0,0,0,0.000627136,0.999999803
-3.003976184,-0.903667925,0,0,0,0.00062561,0.999999804
-2.503977703,-0.903040789,0,0,0,0.000627138,0.999999803
-2.003977695,-0.902415179,0,0,0,0.00062561,0.999999804
-1.503977688,-0.901788043,0,0,0,0.000627136,0.999999803
-1.003979206,-0.901160906,0,0,0,0.000627138,0.999999803
-0.503979199,-0.900535296,0,0,0,0.00062561,0.999999804
-0.003979191,-0.89990816,0,0,0,0.000627136,0.999999803
0.496020816,-0.899281023,0,0,0,0.000627136,0.999999803
0.996019298,-0.898655413,0,0,0,0.000625612,0.999999804
1.496019305,-0.898028277,0,0,0,0.000627136,0.999999803
1.996019313,-0.897401141,0,0,0,0.000627136,0.999999803
2.49601932,-0.89677553,0,0,0,0.00062561,0.999999804
2.996017802,-0.896148394,0,0,0,0.000627138,0.999999803
3.496017809,-0.895522784,0,0,0,0.00062561,0.999999804
3.996017817,-0.894895647,0,0,0,0.000627136,0.999999803
4.496017824,-0.894268511,0,0,0,0.000627136,0.999999803
4.99601478,-0.893642901,0,0,0,0.000625614,0.999999804
5.496014787,-0.893015765,0,0,0,0.000627136,0.999999803
5.996014795,-0.892388628,0,0,0,0.000627136,0.999999803
6.496014802,-0.891763018,0,0,0,0.00062561,0.999999804
6.99601481,-0.891135882,0,0,0,0.000627136,0.999999803
7.496014817,-0.890508745,0,0,0,0.000627136,0.999999803
7.996014824,-0.889883135,0,0,0,0.00062561,0.999999804
8.496014832,-0.889255999,0,0,0,0.000627136,0.999999803
8.996390206,-1.188630393,0,0,0,-0.266330629,0.963881734
9.096454294,-1.238503746,0,0,0,-0.229135093,0.973394632
8.94582563,-0.738692947,0,0,0,0.802668122,0.596425927
8.945200019,-0.23869294,0,0,0,0.707548989,0.706664296
9.045074899,-0.138567816,0,0,0,0.383261329,0.923639948
8.645514346,-0.48906831,0,0,0,-0.935882177,0.352313143
8.145514338,-0.489695446,0,0,0,-0.999999803,0.000627116
7.645514331,-0.490321056,0,0,0,-0.999999804,0.000625567
7.145514324,-0.490948193,0,0,0,-0.999999803,0.000627116
6.645514316,-0.491575329,0,0,0,-0.999999803,0.000627116
6.145514309,-0.492200939,0,0,0,-0.999999804,0.000625567
5.645514301,-0.492828075,0,0,0,-0.999999803,0.000627116
5.145514294,-0.493453686,0,0,0,-0.999999804,0.000625567
4.645517338,-0.494080822,0,0,0,-0.999999803,0.000627116
4.145517331,-0.494707958,0,0,0,-0.999999803,0.000627116
3.645517323,-0.495333569,0,0,0,-0.999999804,0.000625567
3.145517316,-0.495960705,0,0,0,-0.999999803,0.000627116
2.645518834,-0.496587841,0,0,0,-0.999999803,0.000627116
2.145518827,-0.497213452,0,0,0,-0.999999804,0.000625567
1.645643941,-0.597840589,0,0,0,-0.995071336,0.099161665
1.145643934,-0.598467725,0,0,0,-0.999999803,0.000627116
0.645645452,-0.599093336,0,0,0,-0.999999804,0.000625567
0.145582884,-0.549720471,0,0,0,0.998789572,0.049187311
-0.354417124,-0.550346082,0,0,0,-0.999999804,0.000625567
-0.854417131,-0.550973218,0,0,0,-0.999999803,0.000627116
-1.354415613,-0.551600354,0,0,0,-0.999999803,0.000627116
-1.85441562,-0.552225965,0,0,0,-0.999999804,0.000625567
-2.354478189,-0.5028531,0,0,0,0.998789572,0.049187311
-2.854478196,-0.503480236,0,0,0,-0.999999803,0.000627116
-3.354476678,-0.504105847,0,0,0,-0.999999804,0.000625567
-3.854476685,-0.504732983,0,0,0,-0.999999803,0.000627116
-4.354476693,-0.505360119,0,0,0,-0.999999803,0.000627116
-4.8544767,-0.505985729,0,0,0,-0.999999804,0.000625567
-5.354476708,-0.506612866,0,0,0,-0.999999803,0.000627116
-5.854475189,-0.507238476,0,0,0,-0.999999804,0.000625567
-6.354475197,-0.507865612,0,0,0,-0.999999803,0.000627116
-6.854473678,-0.508492749,0,0,0,-0.999999803,0.000627116
-7.354473686,-0.509118359,0,0,0,-0.999999804,0.000625567
-7.854473693,-0.509745495,0,0,0,-0.999999803,0.000627116
-8.3544737,-0.510372631,0,0,0,-0.999999803,0.000627116
-8.854472945,-0.510998242,0,0,0,-0.999999804,0.000625567
-9.354472952,-0.511625378,0,0,0,-0.999999803,0.000627116
-9.504472192,-0.511813061,0,0,0,-0.999999804,0.000625567
-9.504974206,-0.111813055,0,0,0,0.707550337,0.706662947
-9.004974198,-0.111185919,0,0,0,0.000627136,0.999999803
-8.504974191,-0.110560309,0,0,0,0.00062561,0.999999804
-8.004974184,-0.109933172,0,0,0,0.000627136,0.999999803
-7.504974176,-0.109306036,0,0,0,0.000627136,0.999999803
-7.004975694,-0.108680426,0,0,0,0.000625612,0.999999804
-6.504975687,-0.108053289,0,0,0,0.000627136,0.999999803
-6.004977205,-0.107427679,0,0,0,0.000625612,0.999999804
-5.504977198,-0.106800543,0,0,0,0.000627136,0.999999803
-5.004977191,-0.106173407,0,0,0,0.000627136,0.999999803
-4.504977183,-0.105547796,0,0,0,0.00062561,0.999999804
-4.004977176,-0.10492066,0,0,0,0.000627136,0.999999803
-3.504977168,-0.104293524,0,0,0,0.000627136,0.999999803
-3.004978687,-0.103667913,0,0,0,0.000625612,0.999999804
-2.504980205,-0.103040777,0,0,0,0.000627138,0.999999803
1.745016807,-0.09771546,0,0,0,0.000626508,0.999999804
2.245016814,-0.097088323,0,0,0,0.000627136,0.999999803
2.745016821,-0.096462713,0,0,0,0.00062561,0.999999804
3.245015303,-0.095835577,0,0,0,0.000627138,0.999999803
3.74501531,-0.095208441,0,0,0,0.000627136,0.999999803
4.245015318,-0.09458283,0,0,0,0.00062561,0.999999804
4.745013799,-0.093955694,0,0,0,0.000627138,0.999999803
5.245013807,-0.093328558,0,0,0,0.000627136,0.999999803
5.745013814,-0.092702947,0,0,0,0.00062561,0.999999804
6.245013822,-0.092075811,0,0,0,0.000627136,0.999999803
6.745013829,-0.091448675,0,0,0,0.000627136,0.999999803
7.245013837,-0.090823065,0,0,0,0.00062561,0.999999804
7.745013844,-0.090195928,0,0,0,0.000627136,0.999999803
8.245013852,-0.089570318,0,0,0,0.00062561,0.999999804
8.745013859,-0.088943182,0,0,0,0.000627136,0.999999803
9.095010813,-0.088503729,0,0,0,0.000627795,0.999999803
-2.699999739,-0.0499997,0,0,0,0.999998668,0.001632169
-3.199999747,-0.0499997,0,0,0,1,-4.37E-08
-3.699999754,-0.0499997,0,0,0,1,-4.37E-08
-4.199999762,-0.0499997,0,0,0,1,-4.37E-08
-4.699999769,-0.0499997,0,0,0,1,-4.37E-08
-5.199999776,-0.0499997,0,0,0,1,-4.37E-08
-5.699999784,-0.0499997,0,0,0,1,-4.37E-08
-6.199999791,-0.0499997,0,0,0,1,-4.37E-08
-6.699999799,-0.0499997,0,0,0,1,-4.37E-08
-7.199999806,-0.0499997,0,0,0,1,-4.37E-08
-7.699999814,-0.0499997,0,0,0,1,-4.37E-08
-8.199999821,-0.0499997,0,0,0,1,-4.37E-08
-8.699999829,-0.0499997,0,0,0,1,-4.37E-08
-9.199999836,-0.0499997,0,0,0,1,-4.37E-08
-9.549999841,-0.0499997,0,0,0,1,-4.37E-08
-9.549999841,0.350000306,0,0,0,0.707106797,0.707106766
-9.049999834,0.350000306,0,0,0,0,1
-8.549999826,0.350000306,0,0,0,0,1
-8.049999819,0.350000306,0,0,0,0,1
-7.549999812,0.350000306,0,0,0,0,1
-7.049999804,0.350000306,0,0,0,0,1
-6.549999797,0.350000306,0,0,0,0,1
-6.049999789,0.350000306,0,0,0,0,1
-5.549999782,0.350000306,0,0,0,0,1
-5.049999774,0.350000306,0,0,0,0,1
-4.549999767,0.350000306,0,0,0,0,1
-4.049999759,0.350000306,0,0,0,0,1
-3.549999752,0.350000306,0,0,0,0,1
-3.049999744,0.350000306,0,0,0,0,1
-2.549999737,0.350000306,0,0,0,0,1
-2.199999732,0.350000306,0,0,0,0,1
-2.199999732,0.750000312,0,0,0,0.707106797,0.707106766
-2.699999739,0.750000312,0,0,0,1,-4.37E-08
-3.199999747,0.750000312,0,0,0,1,-4.37E-08
-3.699999754,0.750000312,0,0,0,1,-4.37E-08
-4.199999762,0.750000312,0,0,0,1,-4.37E-08
-4.699999769,0.750000312,0,0,0,1,-4.37E-08
-5.199999776,0.750000312,0,0,0,1,-4.37E-08
-5.699999784,0.750000312,0,0,0,1,-4.37E-08
-6.199999791,0.750000312,0,0,0,1,-4.37E-08
-6.699999799,0.750000312,0,0,0,1,-4.37E-08
-7.199999806,0.750000312,0,0,0,1,-4.37E-08
-7.699999814,0.750000312,0,0,0,1,-4.37E-08
-8.199999821,0.750000312,0,0,0,1,-4.37E-08
-8.699999829,0.750000312,0,0,0,1,-4.37E-08
-9.199999836,0.750000312,0,0,0,1,-4.37E-08
-9.549999841,0.750000312,0,0,0,1,-4.37E-08
-9.549999841,1.150000318,0,0,0,0.707106797,0.707106766
-9.049999834,1.150000318,0,0,0,0,1
-8.549999826,1.150000318,0,0,0,0,1
-8.049999819,1.150000318,0,0,0,0,1
-7.549999812,1.150000318,0,0,0,0,1
-7.049999804,1.150000318,0,0,0,0,1
-6.549999797,1.150000318,0,0,0,0,1
-6.049999789,1.150000318,0,0,0,0,1
-5.549999782,1.150000318,0,0,0,0,1
-5.049999774,1.150000318,0,0,0,0,1
-4.549999767,1.150000318,0,0,0,0,1
-4.049999759,1.150000318,0,0,0,0,1
-3.549999752,1.150000318,0,0,0,0,1
-3.049999744,1.150000318,0,0,0,0,1
-2.549999737,1.150000318,0,0,0,0,1
-2.199999732,1.150000318,0,0,0,0,1
-2.199999732,1.550000324,0,0,0,0.707106797,0.707106766
-2.699999739,1.550000324,0,0,0,1,-4.37E-08
-3.199999747,1.550000324,0,0,0,1,-4.37E-08
-3.699999754,1.550000324,0,0,0,1,-4.37E-08
-4.199999762,1.550000324,0,0,0,1,-4.37E-08
-4.699999769,1.550000324,0,0,0,1,-4.37E-08
-5.199999776,1.550000324,0,0,0,1,-4.37E-08
-5.699999784,1.550000324,0,0,0,1,-4.37E-08
-6.199999791,1.550000324,0,0,0,1,-4.37E-08
-6.699999799,1.550000324,0,0,0,1,-4.37E-08
-7.199999806,1.550000324,0,0,0,1,-4.37E-08
-7.699999814,1.550000324,0,0,0,1,-4.37E-08
-8.199999821,1.550000324,0,0,0,1,-4.37E-08
-8.699999829,1.550000324,0,0,0,1,-4.37E-08
-9.199999836,1.550000324,0,0,0,1,-4.37E-08
-9.549999841,1.550000324,0,0,0,1,-4.37E-08
-9.549999841,1.95000033,0,0,0,0.707106797,0.707106766
-9.049999834,1.95000033,0,0,0,0,1
-8.549999826,1.95000033,0,0,0,0,1
-8.049999819,1.95000033,0,0,0,0,1
-7.549999812,1.95000033,0,0,0,0,1
-7.049999804,1.95000033,0,0,0,0,1
-6.549999797,1.95000033,0,0,0,0,1
-6.049999789,1.95000033,0,0,0,0,1
-5.549999782,1.95000033,0,0,0,0,1
-5.049999774,1.95000033,0,0,0,0,1
-4.549999767,1.95000033,0,0,0,0,1
-4.049999759,1.95000033,0,0,0,0,1
-3.549999752,1.95000033,0,0,0,0,1
-3.049999744,1.95000033,0,0,0,0,1
-2.549999737,1.95000033,0,0,0,0,1
-2.199999732,1.95000033,0,0,0,0,1
2.200000334,1.95000033,0,0,0,0,1
2.700000341,1.95000033,0,0,0,0,1
3.200000349,1.95000033,0,0,0,0,1
3.700000356,1.95000033,0,0,0,0,1
4.200000364,1.95000033,0,0,0,0,1
4.700000371,1.95000033,0,0,0,0,1
5.200000378,1.95000033,0,0,0,0,1
5.700000386,1.95000033,0,0,0,0,1
6.200000393,1.95000033,0,0,0,0,1
6.700000401,1.95000033,0,0,0,0,1
7.200000408,1.95000033,0,0,0,0,1
7.700000416,1.95000033,0,0,0,0,1
8.200000423,1.95000033,0,0,0,0,1
8.700000431,1.95000033,0,0,0,0,1
9.200000438,1.95000033,0,0,0,0,1
9.400000441,1.95000033,0,0,0,0,1
9.400000441,1.550000324,0,0,0,-0.707106797,0.707106766
8.900000434,1.550000324,0,0,0,1,-4.37E-08
8.400000426,1.550000324,0,0,0,1,-4.37E-08
7.900000419,1.550000324,0,0,0,1,-4.37E-08
7.400000411,1.550000324,0,0,0,1,-4.37E-08
6.900000404,1.550000324,0,0,0,1,-4.37E-08
6.400000396,1.550000324,0,0,0,1,-4.37E-08
5.900000389,1.550000324,0,0,0,1,-4.37E-08
5.400000381,1.550000324,0,0,0,1,-4.37E-08
4.900000374,1.550000324,0,0,0,1,-4.37E-08
4.400000367,1.550000324,0,0,0,1,-4.37E-08
3.900000359,1.550000324,0,0,0,1,-4.37E-08
3.400000352,1.550000324,0,0,0,1,-4.37E-08
2.900000344,1.550000324,0,0,0,1,-4.37E-08
2.400000337,1.550000324,0,0,0,1,-4.37E-08
1.900000329,1.550000324,0,0,0,1,-4.37E-08
1.700000326,1.550000324,0,0,0,1,-4.37E-08
1.700000326,1.150000318,0,0,0,-0.707106797,0.707106766
2.200000334,1.150000318,0,0,0,0,1
2.700000341,1.150000318,0,0,0,0,1
3.200000349,1.150000318,0,0,0,0,1
3.700000356,1.150000318,0,0,0,0,1
4.200000364,1.150000318,0,0,0,0,1
4.700000371,1.150000318,0,0,0,0,1
5.200000378,1.150000318,0,0,0,0,1
5.700000386,1.150000318,0,0,0,0,1
6.200000393,1.150000318,0,0,0,0,1
6.700000401,1.150000318,0,0,0,0,1
7.200000408,1.150000318,0,0,0,0,1
7.700000416,1.150000318,0,0,0,0,1
8.200000423,1.150000318,0,0,0,0,1
8.700000431,1.150000318,0,0,0,0,1
9.200000438,1.150000318,0,0,0,0,1
9.400000441,1.150000318,0,0,0,0,1
9.400000441,0.750000312,0,0,0,-0.707106797,0.707106766
8.900000434,0.750000312,0,0,0,1,-4.37E-08
8.400000426,0.750000312,0,0,0,1,-4.37E-08
7.900000419,0.750000312,0,0,0,1,-4.37E-08
7.400000411,0.750000312,0,0,0,1,-4.37E-08
6.900000404,0.750000312,0,0,0,1,-4.37E-08
6.400000396,0.750000312,0,0,0,1,-4.37E-08
5.900000389,0.750000312,0,0,0,1,-4.37E-08
5.400000381,0.750000312,0,0,0,1,-4.37E-08
4.900000374,0.750000312,0,0,0,1,-4.37E-08
4.400000367,0.750000312,0,0,0,1,-4.37E-08
3.900000359,0.750000312,0,0,0,1,-4.37E-08
3.400000352,0.750000312,0,0,0,1,-4.37E-08
2.900000344,0.750000312,0,0,0,1,-4.37E-08
2.400000337,0.750000312,0,0,0,1,-4.37E-08
1.900000329,0.750000312,0,0,0,1,-4.37E-08
1.700000326,0.750000312,0,0,0,1,-4.37E-08
1.700000326,0.350000306,0,0,0,-0.707106797,0.707106766
2.200000334,0.350000306,0,0,0,0,1
2.700000341,0.350000306,0,0,0,0,1
3.200000349,0.350000306,0,0,0,0,1
3.700000356,0.350000306,0,0,0,0,1
4.200000364,0.350000306,0,0,0,0,1
4.700000371,0.350000306,0,0,0,0,1
5.200000378,0.350000306,0,0,0,0,1
5.700000386,0.350000306,0,0,0,0,1
6.200000393,0.350000306,0,0,0,0,1
6.700000401,0.350000306,0,0,0,0,1
7.200000408,0.350000306,0,0,0,0,1
7.700000416,0.350000306,0,0,0,0,1
8.200000423,0.350000306,0,0,0,0,1
8.700000431,0.350000306,0,0,0,0,1
9.200000438,0.350000306,0,0,0,0,1
9.400000441,0.350000306,0,0,0,0,1
9.400000441,0.150000303,0,0,0,-0.707106797,0.707106766
8.900000434,-0.0499997,0,0,0,-0.981956382,0.189107546
8.400000426,-0.0499997,0,0,0,1,-4.37E-08
7.900000419,-0.0499997,0,0,0,1,-4.37E-08
7.400000411,-0.0499997,0,0,0,1,-4.37E-08
6.900000404,-0.0499997,0,0,0,1,-4.37E-08
6.400000396,-0.0499997,0,0,0,1,-4.37E-08
5.900000389,-0.0499997,0,0,0,1,-4.37E-08
5.400000381,-0.0499997,0,0,0,1,-4.37E-08
4.900000374,-0.0499997,0,0,0,1,-4.37E-08
4.400000367,-0.0499997,0,0,0,1,-4.37E-08
3.900000359,-0.0499997,0,0,0,1,-4.37E-08
3.400000352,-0.0499997,0,0,0,1,-4.37E-08
2.900000344,-0.0499997,0,0,0,1,-4.37E-08
2.400000337,-0.0499997,0,0,0,1,-4.37E-08
1.900000329,-0.0499997,0,0,0,1,-4.37E-08
1.700000326,-0.0499997,0,0,0,1,-4.37E-08
8.855044989,2.111925076,0,0,0,0.14619006,0.989256522
8.355048033,2.111264371,0,0,0,-0.999999782,0.000660733
7.855048025,2.110605191,0,0,0,-0.999999783,0.000659184
7.355048018,2.109942959,0,0,0,-0.999999781,0.000662283
6.855048011,2.10928378,0,0,0,-0.999999783,0.000659184
6.355048003,2.108621548,0,0,0,-0.999999781,0.000662283
5.855047996,2.107962369,0,0,0,-0.999999783,0.000659184
5.355047988,2.107301663,0,0,0,-0.999999782,0.000660733
4.855047981,2.106640957,0,0,0,-0.999999782,0.000660733
4.355049499,2.105980252,0,0,0,-0.999999782,0.000660733
3.855049492,2.105319546,0,0,0,-0.999999782,0.000660733
3.35505101,2.104660367,0,0,0,-0.999999783,0.000659184
2.855051003,2.103998135,0,0,0,-0.999999781,0.000662283
2.355050995,2.103338955,0,0,0,-0.999999783,0.000659184
1.855052514,2.10267825,0,0,0,-0.999999782,0.000660733
-2.245011634,2.147262906,0,0,0,0.99998522,0.005436827
-2.745011642,2.146600675,0,0,0,-0.999999781,0.000662283
-3.245010123,2.145941495,0,0,0,-0.999999783,0.000659184
-3.745010131,2.145279264,0,0,0,-0.999999781,0.000662283
-4.245010138,2.144620084,0,0,0,-0.999999783,0.000659184
-4.74500862,2.143959378,0,0,0,-0.999999782,0.000660733
-5.245007101,2.143298673,0,0,0,-0.999999782,0.000660733
-5.745007109,2.142639493,0,0,0,-0.999999783,0.000659184
-6.245007116,2.141977262,0,0,0,-0.999999781,0.000662283
-6.745007124,2.141318082,0,0,0,-0.999999783,0.000659184
-7.245007131,2.14065585,0,0,0,-0.999999781,0.000662283
-7.745007139,2.139996671,0,0,0,-0.999999783,0.000659184
-8.24500562,2.139335965,0,0,0,-0.999999782,0.000660733
-8.745004865,2.13867526,0,0,0,-0.999999782,0.000660733
-9.245004872,2.138014554,0,0,0,-0.999999782,0.000660733
-9.545004877,2.137619351,0,0,0,-0.999999783,0.000658707
-9.545467218,2.487619357,0,0,0,0.707573672,0.706639582
-9.04546721,2.488278536,0,0,0,0.000659179,0.999999783
-8.545467966,2.488939242,0,0,0,0.000660706,0.999999782
-8.045467959,2.489599947,0,0,0,0.000660705,0.999999782
-7.545467951,2.490260653,0,0,0,0.000660705,0.999999782
-7.045467944,2.490921359,0,0,0,0.000660705,0.999999782
-6.545469462,2.491580538,0,0,0,0.000659181,0.999999783
-6.04547098,2.49224277,0,0,0,0.000662233,0.999999781
-5.545470973,2.492901949,0,0,0,0.000659179,0.999999783
-5.045470966,2.493564181,0,0,0,0.000662231,0.999999781
-4.545470958,2.494223361,0,0,0,0.000659179,0.999999783
-4.045470951,2.494884066,0,0,0,0.000660705,0.999999782
-3.545470943,2.495544772,0,0,0,0.000660705,0.999999782
-3.045473988,2.496203951,0,0,0,0.000659183,0.999999783
-2.54547398,2.496866183,0,0,0,0.000662231,0.999999781
-2.045672337,2.647525365,0,0,0,0.145865468,0.989304435
-1.545672329,2.648187596,0,0,0,0.000662231,0.999999781
-1.045673848,2.648846776,0,0,0,0.000659181,0.999999783
-0.545606702,2.599507481,0,0,0,-0.049153704,0.998791226
-0.045606694,2.600168186,0,0,0,0.000660705,0.999999782
0.454391787,2.600828892,0,0,0,0.000660707,0.999999782
0.954391795,2.601489598,0,0,0,0.000660705,0.999999782
1.454391802,2.602148777,0,0,0,0.000659179,0.999999783
1.954523035,2.502811007,0,0,0,-0.097878821,0.99519834
2.454521517,2.503470187,0,0,0,0.000659181,0.999999783
2.954521524,2.504130893,0,0,0,0.000660705,0.999999782
3.454521532,2.504791598,0,0,0,0.000660705,0.999999782
3.954520013,2.505452304,0,0,0,0.000660707,0.999999782
4.454520021,2.506113009,0,0,0,0.000660705,0.999999782
4.954520028,2.506772189,0,0,0,0.000659179,0.999999783
5.454516984,2.50743442,0,0,0,0.000662235,0.999999781
5.954516991,2.5080936,0,0,0,0.000659179,0.999999783
6.454516999,2.508755832,0,0,0,0.000662231,0.999999781
6.954517006,2.509415011,0,0,0,0.000659179,0.999999783
7.454517014,2.510075717,0,0,0,0.000660705,0.999999782
7.954517021,2.510736422,0,0,0,0.000660705,0.999999782
8.454517029,2.511395602,0,0,0,0.000659179,0.999999783
8.954517036,2.512057834,0,0,0,0.000662231,0.999999781
9.354517042,2.512585788,0,0,0,0.000659942,0.999999782
9.353986036,2.912585794,0,0,0,0.707575946,0.706637305
8.853986029,2.911923562,0,0,0,-0.999999781,0.000662283
8.353989073,2.911264382,0,0,0,-0.999999783,0.000659184
7.853989066,2.910603677,0,0,0,-0.999999782,0.000660733
7.353989058,2.909942971,0,0,0,-0.999999782,0.000660733
6.853992102,2.909282266,0,0,0,-0.999999782,0.000660733
6.353992095,2.90862156,0,0,0,-0.999999782,0.000660733
5.853992087,2.90796238,0,0,0,-0.999999783,0.000659184
5.35399208,2.907300149,0,0,0,-0.999999781,0.000662283
4.853992073,2.906640969,0,0,0,-0.999999783,0.000659184
4.353992065,2.905978738,0,0,0,-0.999999781,0.000662283
3.853992058,2.905319558,0,0,0,-0.999999783,0.000659184
3.353993576,2.904658853,0,0,0,-0.999999782,0.000660733
2.853993569,2.903998147,0,0,0,-0.999999782,0.000660733
2.353993561,2.903337441,0,0,0,-0.999999782,0.000660733
1.85399508,2.902676736,0,0,0,-0.999999782,0.000660733
1.353995072,2.902017556,0,0,0,-0.999999783,0.000659184
0.853995065,2.901355325,0,0,0,-0.999999781,0.000662283
0.353995057,2.900696145,0,0,0,-0.999999783,0.000659184
-0.146003424,2.900035439,0,0,0,-0.999999782,0.000660733
-0.646003432,2.899374734,0,0,0,-0.999999782,0.000660733
-1.146003439,2.898714028,0,0,0,-0.999999782,0.000660733
-1.646001921,2.898053323,0,0,0,-0.999999782,0.000660733
-2.146001928,2.897394143,0,0,0,-0.999999783,0.000659184
-2.646001936,2.896731912,0,0,0,-0.999999781,0.000662283
-3.146001943,2.896072732,0,0,0,-0.999999783,0.000659184
-3.646000425,2.895412026,0,0,0,-0.999999782,0.000660733
-4.146000432,2.894751321,0,0,0,-0.999999782,0.000660733
-4.645998914,2.894090615,0,0,0,-0.999999782,0.000660733
-5.145998921,2.89342991,0,0,0,-0.999999782,0.000660733
-5.645998929,2.89277073,0,0,0,-0.999999783,0.000659184
-6.145998936,2.892108498,0,0,0,-0.999999781,0.000662283
-6.645998944,2.891449319,0,0,0,-0.999999783,0.000659184
-7.145997425,2.890787087,0,0,0,-0.999999781,0.000662283
-7.645997433,2.890127908,0,0,0,-0.999999783,0.000659184
-8.145995914,2.889467202,0,0,0,-0.999999782,0.000660733
-8.645995922,2.888806496,0,0,0,-0.999999782,0.000660733
-9.145995929,2.888145791,0,0,0,-0.999999782,0.000660733
-9.545995935,2.887617837,0,0,0,-0.999999782,0.000659899
-9.546523889,3.287616317,0,0,0,0.70757325,0.706640004
-9.046524645,3.288277022,0,0,0,0.000660706,0.999999782
-8.5465254,3.288937728,0,0,0,0.000660706,0.999999782
-8.046525393,3.289598434,0,0,0,0.000660705,0.999999782
-7.546526911,3.290259139,0,0,0,0.000660707,0.999999782
-7.046526904,3.290919845,0,0,0,0.000660705,0.999999782
-6.546526896,3.29158055,0,0,0,0.000660705,0.999999782
-6.046526889,3.292241256,0,0,0,0.000660705,0.999999782
-5.546526881,3.292900436,0,0,0,0.000659179,0.999999783
-5.0465284,3.293561141,0,0,0,0.000660707,0.999999782
-4.546528392,3.294221847,0,0,0,0.000660705,0.999999782
-4.046529911,3.294882552,0,0,0,0.000660707,0.999999782
-3.546529903,3.295543258,0,0,0,0.000660705,0.999999782
-3.046529896,3.296203963,0,0,0,0.000660705,0.999999782
-2.546529888,3.296864669,0,0,0,0.000660705,0.999999782
-2.046529881,3.297523849,0,0,0,0.000659179,0.999999783
-1.546529873,3.298184554,0,0,0,0.000660705,0.999999782
-1.046531392,3.29884526,0,0,0,0.000660707,0.999999782
-0.546531384,3.299505965,0,0,0,0.000660705,0.999999782
-0.046531377,3.300166671,0,0,0,0.000660705,0.999999782
0.453467105,3.300827377,0,0,0,0.000660707,0.999999782
0.953467112,3.301488082,0,0,0,0.000660705,0.999999782
1.45346712,3.302148788,0,0,0,0.000660705,0.999999782
1.953467127,3.302807967,0,0,0,0.000659179,0.999999783
2.453465609,3.303468673,0,0,0,0.000660707,0.999999782
2.953465616,3.304129379,0,0,0,0.000660705,0.999999782
3.453465623,3.304790084,0,0,0,0.000660705,0.999999782
3.953464105,3.30545079,0,0,0,0.000660707,0.999999782
4.453464112,3.306111495,0,0,0,0.000660705,0.999999782
4.95346412,3.306772201,0,0,0,0.000660705,0.999999782
5.453461076,3.307432906,0,0,0,0.000660709,0.999999782
5.953461083,3.308092086,0,0,0,0.000659179,0.999999783
6.453461091,3.308752792,0,0,0,0.000660705,0.999999782
6.953461098,3.309413497,0,0,0,0.000660705,0.999999782
7.453461105,3.310074203,0,0,0,0.000660705,0.999999782
7.953461113,3.310734908,0,0,0,0.000660705,0.999999782
8.45346112,3.311395614,0,0,0,0.000660705,0.999999782
8.953461128,3.31205632,0,0,0,0.000660705,0.999999782
9.353461134,3.312584274,0,0,0,0.000659942,0.999999782
9.352930128,3.71258428,0,0,0,0.707575946,0.706637305
8.85293012,3.711923574,0,0,0,-0.999999782,0.000660733
8.352930113,3.711262869,0,0,0,-0.999999782,0.000660733
7.852930106,3.710602163,0,0,0,-0.999999782,0.000660733
7.352930098,3.709941457,0,0,0,-0.999999782,0.000660733
6.852933142,3.709282278,0,0,0,-0.999999783,0.000659184
6.352933135,3.708621572,0,0,0,-0.999999782,0.000660733
5.852933127,3.707960867,0,0,0,-0.999999782,0.000660733
5.352936172,3.707300161,0,0,0,-0.999999782,0.000660733
4.852936164,3.706639455,0,0,0,-0.999999782,0.000660733
4.352934631,3.70597875,0,0,0,-0.999999782,0.000660733
3.852934624,3.705318044,0,0,0,-0.999999782,0.000660733
3.352936142,3.704657339,0,0,0,-0.999999782,0.000660733
2.852936135,3.703998159,0,0,0,-0.999999783,0.000659184
2.352936127,3.703337453,0,0,0,-0.999999782,0.000660733
1.852937646,3.702676748,0,0,0,-0.999999782,0.000660733
1.352937638,3.702016042,0,0,0,-0.999999782,0.000660733
0.852937631,3.701355337,0,0,0,-0.999999782,0.000660733
0.352937623,3.700694631,0,0,0,-0.999999782,0.000660733
-0.147060858,3.700033925,0,0,0,-0.999999782,0.000660733
-0.647060866,3.699374746,0,0,0,-0.999999783,0.000659184
-1.147060873,3.69871404,0,0,0,-0.999999782,0.000660733
-1.647059355,3.698053335,0,0,0,-0.999999782,0.000660733
-2.147059362,3.697392629,0,0,0,-0.999999782,0.000660733
-2.64705937,3.696731923,0,0,0,-0.999999782,0.000660733
-3.147057851,3.696071218,0,0,0,-0.999999782,0.000660733
-3.647057859,3.695410512,0,0,0,-0.999999782,0.000660733
-4.147057866,3.694749807,0,0,0,-0.999999782,0.000660733
-4.647056348,3.694090627,0,0,0,-0.999999783,0.000659184
-5.147056355,3.693429921,0,0,0,-0.999999782,0.000660733
-5.647054837,3.692769216,0,0,0,-0.999999782,0.000660733
-6.147054844,3.69210851,0,0,0,-0.999999782,0.000660733
-6.647054852,3.691447805,0,0,0,-0.999999782,0.000660733
-7.147054859,3.690787099,0,0,0,-0.999999782,0.000660733
-7.647054867,3.690126394,0,0,0,-0.999999782,0.000660733
-8.147053348,3.689465688,0,0,0,-0.999999782,0.000660733
-8.647052593,3.688806508,0,0,0,-0.999999783,0.000659184
-9.1470526,3.688145803,0,0,0,-0.999999782,0.000660733
-9.547051843,3.687616323,0,0,0,-0.999999781,0.000661806
-9.547581323,4.087616329,0,0,0,0.707574598,0.706638654
-9.047581316,4.088277034,0,0,0,0.000660705,0.999999782
-8.547582071,4.08893774,0,0,0,0.000660706,0.999999782
-8.047582827,4.089598445,0,0,0,0.000660706,0.999999782
-7.547582819,4.090259151,0,0,0,0.000660705,0.999999782
-7.047582812,4.090919857,0,0,0,0.000660705,0.999999782
-6.547582804,4.091580562,0,0,0,0.000660705,0.999999782
-6.047584323,4.092241268,0,0,0,0.000660707,0.999999782
-5.547584315,4.092900447,0,0,0,0.000659179,0.999999783
-5.047585834,4.093561153,0,0,0,0.000660707,0.999999782
-4.547585826,4.094221859,0,0,0,0.000660705,0.999999782
-4.047585819,4.094882564,0,0,0,0.000660705,0.999999782
-3.547585811,4.09554327,0,0,0,0.000660705,0.999999782
-3.04758733,4.096203975,0,0,0,0.000660707,0.999999782
-2.547587322,4.096864681,0,0,0,0.000660705,0.999999782
-2.047587315,4.097523861,0,0,0,0.000659179,0.999999783
-1.547587308,4.098184566,0,0,0,0.000660705,0.999999782
-1.047588826,4.098845272,0,0,0,0.000660707,0.999999782
-0.547588818,4.099505977,0,0,0,0.000660705,0.999999782
-0.047588811,4.100166683,0,0,0,0.000660705,0.999999782
0.452409671,4.100827388,0,0,0,0.000660707,0.999999782
0.952409678,4.101488094,0,0,0,0.000660705,0.999999782
1.452409685,4.1021488,0,0,0,0.000660705,0.999999782
1.952409693,4.102807979,0,0,0,0.000659179,0.999999783
2.452408174,4.103468685,0,0,0,0.000660707,0.999999782
2.952408182,4.10412939,0,0,0,0.000660705,0.999999782
3.452408189,4.104790096,0,0,0,0.000660705,0.999999782
3.952406671,4.105450802,0,0,0,0.000660707,0.999999782
4.452406678,4.106111507,0,0,0,0.000660705,0.999999782
4.95240516,4.106772213,0,0,0,0.000660707,0.999999782
5.452405167,4.107432918,0,0,0,0.000660705,0.999999782
5.952405175,4.108092098,0,0,0,0.000659179,0.999999783
6.452405182,4.108752804,0,0,0,0.000660705,0.999999782
6.95240519,4.109413509,0,0,0,0.000660705,0.999999782
7.452405197,4.110074215,0,0,0,0.000660705,0.999999782
7.952405205,4.11073492,0,0,0,0.000660705,0.999999782
8.452405212,4.111395626,0,0,0,0.000660705,0.999999782
8.952402168,4.112056332,0,0,0,0.000660709,0.999999782
9.352402174,4.112584286,0,0,0,0.000659942,0.999999782
9.35187422,4.512584292,0,0,0,0.70757325,0.706640004
8.851874212,4.511923586,0,0,0,-0.999999782,0.000660733
8.351874205,4.51126288,0,0,0,-0.999999782,0.000660733
7.851874197,4.510602175,0,0,0,-0.999999782,0.000660733
7.35187419,4.509941469,0,0,0,-0.999999782,0.000660733
6.851877234,4.50928229,0,0,0,-0.999999783,0.000659184
6.351877227,4.508621584,0,0,0,-0.999999782,0.000660733
5.851877219,4.507960878,0,0,0,-0.999999782,0.000660733
5.351880264,4.507300173,0,0,0,-0.999999782,0.000660733
4.851880256,4.506639467,0,0,0,-0.999999782,0.000660733
4.351878723,4.505978762,0,0,0,-0.999999782,0.000660733
3.851878715,4.505318056,0,0,0,-0.999999782,0.000660733
3.351880234,4.504657351,0,0,0,-0.999999782,0.000660733
2.851880226,4.503998171,0,0,0,-0.999999783,0.000659184
2.351880219,4.503337465,0,0,0,-0.999999782,0.000660733
1.851881737,4.50267676,0,0,0,-0.999999782,0.000660733
1.35188173,4.502016054,0,0,0,-0.999999782,0.000660733
0.851881722,4.501355349,0,0,0,-0.999999782,0.000660733
0.351881715,4.500694643,0,0,0,-0.999999782,0.000660733
-0.148116767,4.500033937,0,0,0,-0.999999782,0.000660733
-0.648116774,4.499374758,0,0,0,-0.999999783,0.000659184
-1.148116782,4.498714052,0,0,0,-0.999999782,0.000660733
-1.648115263,4.498053347,0,0,0,-0.999999782,0.000660733
-2.148115271,4.497392641,0,0,0,-0.999999782,0.000660733
-2.648115278,4.496731935,0,0,0,-0.999999782,0.000660733
-3.14811376,4.49607123,0,0,0,-0.999999782,0.000660733
-3.648113767,4.495410524,0,0,0,-0.999999782,0.000660733
-4.148113774,4.494749819,0,0,0,-0.999999782,0.000660733
-4.648113782,4.494090639,0,0,0,-0.999999783,0.000659184
-5.148113789,4.493429933,0,0,0,-0.999999782,0.000660733
-5.648112271,4.492769228,0,0,0,-0.999999782,0.000660733
-6.148110753,4.492108522,0,0,0,-0.999999782,0.000660733
-6.64811076,4.491447817,0,0,0,-0.999999782,0.000660733
-7.148110767,4.490787111,0,0,0,-0.999999782,0.000660733
-7.648110775,4.490126406,0,0,0,-0.999999782,0.000660733
-8.148110782,4.4894657,0,0,0,-0.999999782,0.000660733
-8.648109264,4.48880652,0,0,0,-0.999999783,0.000659184
-9.148109271,4.488145815,0,0,0,-0.999999782,0.000660733
-9.548109277,4.487616335,0,0,0,-0.999999781,0.000661806
-9.548637231,4.887616341,0,0,0,0.70757325,0.706640004
-9.048637987,4.88827552,0,0,0,0.00065918,0.999999783
-8.548638742,4.8889347,0,0,0,0.00065918,0.999999783
-8.048638735,4.889596931,0,0,0,0.000662231,0.999999781
-7.548638728,4.890259163,0,0,0,0.000662231,0.999999781
-7.04863872,4.890918343,0,0,0,0.000659179,0.999999783
-6.548640238,4.891577522,0,0,0,0.000659181,0.999999783
-6.048641757,4.892239754,0,0,0,0.000662233,0.999999781
-5.548641749,4.892898933,0,0,0,0.000659179,0.999999783
-5.048641742,4.893561165,0,0,0,0.000662231,0.999999781
-4.548641735,4.894220345,0,0,0,0.000659179,0.999999783
-4.048641727,4.894879524,0,0,0,0.000659179,0.999999783
-3.54864172,4.895541756,0,0,0,0.000662231,0.999999781
-3.048644764,4.896203987,0,0,0,0.000662235,0.999999781
-2.548644757,4.896863167,0,0,0,0.000659179,0.999999783
-2.048644749,4.897522347,0,0,0,0.000659179,0.999999783
-1.548644742,4.898181526,0,0,0,0.000659179,0.999999783
-1.04864626,4.898843758,0,0,0,0.000662233,0.999999781
-0.548646253,4.899505989,0,0,0,0.000662231,0.999999781
-0.048646245,4.900165169,0,0,0,0.000659179,0.999999783
0.451352236,4.900824349,0,0,0,0.000659181,0.999999783
0.951352244,4.90148658,0,0,0,0.000662231,0.999999781
1.451352251,4.902148812,0,0,0,0.000662231,0.999999781
1.951352259,4.902807991,0,0,0,0.000659179,0.999999783
2.45135074,4.903467171,0,0,0,0.000659181,0.999999783
2.951350748,4.904126351,0,0,0,0.000659179,0.999999783
3.451350755,4.904788582,0,0,0,0.000662231,0.999999781
3.951349237,4.905450814,0,0,0,0.000662233,0.999999781
4.451349244,4.906109993,0,0,0,0.000659179,0.999999783
4.951349252,4.906769173,0,0,0,0.000659179,0.999999783
5.451349259,4.907431404,0,0,0,0.000662231,0.999999781
5.951349267,4.908090584,0,0,0,0.000659179,0.999999783
6.451349274,4.908752816,0,0,0,0.000662231,0.999999781
6.951349282,4.909411995,0,0,0,0.000659179,0.999999783
7.451346237,4.910071175,0,0,0,0.000659183,0.999999783
7.951346245,4.910733406,0,0,0,0.000662231,0.999999781
8.451346252,4.911395638,0,0,0,0.000662231,0.999999781
8.951343208,4.912054818,0,0,0,0.000659183,0.999999783
9.351343214,4.912582772,0,0,0,0.000659942,0.999999782
9.400684035,5.412646866,0,0,0,0.671493812,0.741010163
8.900818305,5.311987685,0,0,0,-0.995068109,0.099194048
8.400818297,5.311328505,0,0,0,-0.999999783,0.000659184
7.90081829,5.310669325,0,0,0,-0.999999783,0.000659184
7.400818282,5.310007094,0,0,0,-0.999999781,0.000662283
6.900818275,5.309344863,0,0,0,-0.999999781,0.000662283
6.400818267,5.308685683,0,0,0,-0.999999783,0.000659184
5.90081826,5.308026503,0,0,0,-0.999999783,0.000659184
5.400821304,5.307364272,0,0,0,-0.999999781,0.000662283
4.900821297,5.30670204,0,0,0,-0.999999781,0.000662283
4.400821289,5.306042861,0,0,0,-0.999999783,0.000659184
3.900821282,5.305383681,0,0,0,-0.999999783,0.000659184
3.4008228,5.304724501,0,0,0,-0.999999783,0.000659184
2.900822793,5.30406227,0,0,0,-0.999999781,0.000662283
2.400822786,5.303400038,0,0,0,-0.999999781,0.000662283
1.900824304,5.302740859,0,0,0,-0.999999783,0.000659184
1.400824296,5.302081679,0,0,0,-0.999999783,0.000659184
0.900824289,5.301419447,0,0,0,-0.999999781,0.000662283
0.400824282,5.300760268,0,0,0,-0.999999783,0.000659184
-0.0991742,5.300098036,0,0,0,-0.999999781,0.000662283
-0.599174207,5.299438857,0,0,0,-0.999999783,0.000659184
-1.099174215,5.298779677,0,0,0,-0.999999783,0.000659184
-1.599172696,5.298117445,0,0,0,-0.999999781,0.000662283
-2.099172704,5.297455214,0,0,0,-0.999999781,0.000662283
-2.599172711,5.296796034,0,0,0,-0.999999783,0.000659184
-3.099172719,5.296136855,0,0,0,-0.999999783,0.000659184
-3.5991712,5.295477675,0,0,0,-0.999999783,0.000659184
-4.099171208,5.294815443,0,0,0,-0.999999781,0.000662283
-4.599169689,5.294153212,0,0,0,-0.999999781,0.000662283
-5.099169697,5.293494032,0,0,0,-0.999999783,0.000659184
-5.599169704,5.292834853,0,0,0,-0.999999783,0.000659184
-6.099169712,5.292172621,0,0,0,-0.999999781,0.000662283
-6.599169719,5.29151039,0,0,0,-0.999999781,0.000662283
-7.099168201,5.29085121,0,0,0,-0.999999783,0.000659184
-7.599168208,5.29019203,0,0,0,-0.999999783,0.000659184
-8.09916669,5.289532851,0,0,0,-0.999999783,0.000659184
-8.59916746,5.288870619,0,0,0,-0.999999781,0.000662283
-9.099166705,5.288208388,0,0,0,-0.999999781,0.000662283
-9.549165948,5.287616347,0,0,0,-0.999999784,0.000657872
-9.549694666,5.687616353,0,0,0,0.707573924,0.706639329
-9.049694658,5.688275532,0,0,0,0.000659179,0.999999783
-8.549695414,5.688934712,0,0,0,0.00065918,0.999999783
-8.049694643,5.689596943,0,0,0,0.00066223,0.999999781
-7.549696162,5.690259175,0,0,0,0.000662233,0.999999781
-7.049696154,5.690918355,0,0,0,0.000659179,0.999999783
-6.549697673,5.691577534,0,0,0,0.000659181,0.999999783
-6.049697665,5.692239766,0,0,0,0.000662231,0.999999781
-5.549697658,5.692898945,0,0,0,0.000659179,0.999999783
-5.04969765,5.693561177,0,0,0,0.000662231,0.999999781
-4.549697643,5.694220357,0,0,0,0.000659179,0.999999783
-4.049699161,5.694879536,0,0,0,0.000659181,0.999999783
-3.549699154,5.695541768,0,0,0,0.000662231,0.999999781
-3.049700672,5.696203999,0,0,0,0.000662233,0.999999781
-2.549700665,5.696863179,0,0,0,0.000659179,0.999999783
-2.049700657,5.697522359,0,0,0,0.000659179,0.999999783
-1.54970065,5.698181538,0,0,0,0.000659179,0.999999783
-1.049702168,5.69884377,0,0,0,0.000662233,0.999999781
-0.549702161,5.699506001,0,0,0,0.000662231,0.999999781
-0.049702153,5.700165181,0,0,0,0.000659179,0.999999783
0.450296328,5.700824361,0,0,0,0.000659181,0.999999783
0.950296336,5.701486592,0,0,0,0.000662231,0.999999781
1.450296343,5.702148823,0,0,0,0.000662231,0.999999781
1.950296351,5.702808003,0,0,0,0.000659179,0.999999783
2.450294832,5.703467183,0,0,0,0.000659181,0.999999783
2.95029484,5.704126363,0,0,0,0.000659179,0.999999783
3.450294847,5.704788594,0,0,0,0.000662231,0.999999781
3.950293329,5.705450825,0,0,0,0.000662233,0.999999781
4.450293336,5.706110005,0,0,0,0.000659179,0.999999783
4.950293344,5.706769185,0,0,0,0.000659179,0.999999783
5.450293351,5.707431416,0,0,0,0.000662231,0.999999781
5.950293358,5.708090596,0,0,0,0.000659179,0.999999783
6.450293366,5.708752827,0,0,0,0.000662231,0.999999781
6.950293373,5.709412007,0,0,0,0.000659179,0.999999783
7.450290329,5.710071187,0,0,0,0.000659183,0.999999783
7.950290336,5.710733418,0,0,0,0.000662231,0.999999781
8.450290344,5.71139565,0,0,0,0.000662231,0.999999781
8.9502873,5.712054829,0,0,0,0.000659183,0.999999783
9.400287306,5.712646871,0,0,0,0.000657823,0.999999784
9.399762404,6.112646876,0,0,0,0.707570555,0.706642703
8.899762397,6.111987697,0,0,0,-0.999999783,0.000659184
8.399762389,6.111328517,0,0,0,-0.999999783,0.000659184
7.899762382,6.110669337,0,0,0,-0.999999783,0.000659184
7.399762374,6.110007106,0,0,0,-0.999999781,0.000662283
6.899762367,6.109344874,0,0,0,-0.999999781,0.000662283
6.399762359,6.108685695,0,0,0,-0.999999783,0.000659184
5.899762352,6.108026515,0,0,0,-0.999999783,0.000659184
5.399765396,6.107364284,0,0,0,-0.999999781,0.000662283
4.899765389,6.106702052,0,0,0,-0.999999781,0.000662283
4.399765381,6.106042872,0,0,0,-0.999999783,0.000659184
3.899765374,6.105383693,0,0,0,-0.999999783,0.000659184
3.399766892,6.104724513,0,0,0,-0.999999783,0.000659184
2.899766885,6.104062282,0,0,0,-0.999999781,0.000662283
2.399766877,6.10340005,0,0,0,-0.999999781,0.000662283
1.899768396,6.10274087,0,0,0,-0.999999783,0.000659184
1.399768388,6.102081691,0,0,0,-0.999999783,0.000659184
0.899768381,6.101419459,0,0,0,-0.999999781,0.000662283
0.399768373,6.10076028,0,0,0,-0.999999783,0.000659184
-0.100230108,6.100098048,0,0,0,-0.999999781,0.000662283
-0.600230116,6.099438868,0,0,0,-0.999999783,0.000659184
-1.100230123,6.098779689,0,0,0,-0.999999783,0.000659184
-1.600228605,6.098117457,0,0,0,-0.999999781,0.000662283
-2.100228612,6.097455226,0,0,0,-0.999999781,0.000662283
-2.60022862,6.096796046,0,0,0,-0.999999783,0.000659184
-3.100228627,6.096136866,0,0,0,-0.999999783,0.000659184
-3.600228634,6.095477687,0,0,0,-0.999999783,0.000659184
-4.100228642,6.094815455,0,0,0,-0.999999781,0.000662283
-4.600227124,6.094153224,0,0,0,-0.999999781,0.000662283
-5.100227131,6.093494044,0,0,0,-0.999999783,0.000659184
-5.600225613,6.092834864,0,0,0,-0.999999783,0.000659184
-6.10022562,6.092172633,0,0,0,-0.999999781,0.000662283
-6.600225627,6.091510402,0,0,0,-0.999999781,0.000662283
-7.100225635,6.090851222,0,0,0,-0.999999783,0.000659184
-7.600225642,6.090192042,0,0,0,-0.999999783,0.000659184
-8.100224124,6.089532862,0,0,0,-0.999999783,0.000659184
-8.600224131,6.088870631,0,0,0,-0.999999781,0.000662283
-9.100223376,6.0882084,0,0,0,-0.999999781,0.000662283
-9.55022262,6.087616359,0,0,0,-0.999999784,0.000657872
-9.550355371,6.18761636,0,0,0,0.707575946,0.706637305
-9.150751331,6.488144319,0,0,0,0.316853771,0.9484744
-8.650751323,6.48880655,0,0,0,0.000662231,0.999999781
-8.150752079,6.48946573,0,0,0,0.00065918,0.999999783
-7.650753597,6.490124909,0,0,0,0.000659181,0.999999783
-7.15075359,6.490784089,0,0,0,0.000659179,0.999999783
-6.650753582,6.491446321,0,0,0,0.000662231,0.999999781
-6.150753575,6.492108552,0,0,0,0.000662231,0.999999781
-5.650753567,6.492767732,0,0,0,0.000659179,0.999999783
-5.150755086,6.493426911,0,0,0,0.000659181,0.999999783
-4.650755078,6.494089143,0,0,0,0.000662231,0.999999781
-4.150756597,6.494748323,0,0,0,0.000659181,0.999999783
-3.650756589,6.495410554,0,0,0,0.000662231,0.999999781
-3.150756582,6.496069734,0,0,0,0.000659179,0.999999783
-2.6507581,6.496728913,0,0,0,0.000659181,0.999999783
-2.150758093,6.497391145,0,0,0,0.000662231,0.999999781
-1.650758085,6.498053376,0,0,0,0.000662231,0.999999781
-1.150759604,6.498712556,0,0,0,0.000659181,0.999999783
-0.650759596,6.499371736,0,0,0,0.000659179,0.999999783
-0.150759589,6.500030915,0,0,0,0.000659179,0.999999783
0.349238893,6.500693147,0,0,0,0.000662233,0.999999781
0.8492389,6.501355378,0,0,0,0.000662231,0.999999781
1.349238908,6.502014558,0,0,0,0.000659179,0.999999783
1.849238915,6.502673738,0,0,0,0.000659179,0.999999783
2.349237397,6.503335969,0,0,0,0.000662233,0.999999781
2.849237404,6.503998201,0,0,0,0.000662231,0.999999781
3.349237411,6.50465738,0,0,0,0.000659179,0.999999783
3.849235893,6.50531656,0,0,0,0.000659181,0.999999783
4.3492359,6.50597574,0,0,0,0.000659179,0.999999783
4.849237434,6.506637971,0,0,0,0.000662229,0.999999781
5.349237441,6.507300203,0,0,0,0.000662231,0.999999781
5.849234397,6.507959382,0,0,0,0.000659183,0.999999783
6.349234404,6.508618562,0,0,0,0.000659179,0.999999783
6.849234412,6.509280794,0,0,0,0.000662231,0.999999781
7.349231368,6.509939973,0,0,0,0.000659183,0.999999783
7.849231375,6.510602205,0,0,0,0.000662231,0.999999781
8.349231382,6.511261384,0,0,0,0.000659179,0.999999783
8.84923139,6.511920564,0,0,0,0.000659179,0.999999783
9.349231397,6.512582796,0,0,0,0.000662231,0.999999781
9.399231398,6.512646882,0,0,0,0.000640869,0.999999795
9.398703444,6.912646888,0,0,0,0.70757325,0.706640004
8.898703437,6.911987709,0,0,0,-0.999999783,0.000659184
8.398706481,6.911325477,0,0,0,-0.999999781,0.000662283
7.898706473,6.910666298,0,0,0,-0.999999783,0.000659184
7.398706466,6.910004066,0,0,0,-0.999999781,0.000662283
6.898706458,6.909344886,0,0,0,-0.999999783,0.000659184
6.398706451,6.908685707,0,0,0,-0.999999783,0.000659184
5.898706444,6.908023475,0,0,0,-0.999999781,0.000662283
5.398706436,6.907361244,0,0,0,-0.999999781,0.000662283
4.898706429,6.906702064,0,0,0,-0.999999783,0.000659184
4.398707947,6.906042884,0,0,0,-0.999999783,0.000659184
3.89870794,6.905383705,0,0,0,-0.999999783,0.000659184
3.398709458,6.904721473,0,0,0,-0.999999781,0.000662283
2.898709451,6.904059242,0,0,0,-0.999999781,0.000662283
2.398709443,6.903400062,0,0,0,-0.999999783,0.000659184
1.898710962,6.902740882,0,0,0,-0.999999783,0.000659184
1.398710954,6.902078651,0,0,0,-0.999999781,0.000662283
0.898710947,6.901416419,0,0,0,-0.999999781,0.000662283
0.398710939,6.90075724,0,0,0,-0.999999783,0.000659184
-0.101287542,6.90009806,0,0,0,-0.999999783,0.000659184
-0.60128755,6.89943888,0,0,0,-0.999999783,0.000659184
-1.101287557,6.898776649,0,0,0,-0.999999781,0.000662283
-1.601286039,6.898114417,0,0,0,-0.999999781,0.000662283
-2.101286046,6.897455238,0,0,0,-0.999999783,0.000659184
-2.601286054,6.896796058,0,0,0,-0.999999783,0.000659184
-3.101284535,6.896133827,0,0,0,-0.999999781,0.000662283
-3.601284543,6.895474647,0,0,0,-0.999999783,0.000659184
-4.10128455,6.894812415,0,0,0,-0.999999781,0.000662283
-4.601284558,6.894153236,0,0,0,-0.999999783,0.000659184
-5.101284565,6.893494056,0,0,0,-0.999999783,0.000659184
-5.601283047,6.892831825,0,0,0,-0.999999781,0.000662283
-6.101281528,6.892169593,0,0,0,-0.999999781,0.000662283
-6.601281536,6.891510413,0,0,0,-0.999999783,0.000659184
-7.101281543,6.890851234,0,0,0,-0.999999783,0.000659184
-7.601281551,6.890192054,0,0,0,-0.999999783,0.000659184
-8.101281558,6.889529823,0,0,0,-0.999999781,0.000662283
-8.601280803,6.888867591,0,0,0,-0.999999781,0.000662283
-9.101280047,6.888208411,0,0,0,-0.999999783,0.000659184
-9.451742394,7.237744549,0,0,0,0.924132519,0.382072097
-9.50187362,7.337680464,0,0,0,0.850993923,0.525175535
-9.001808763,7.288342695,0,0,0,-0.049152417,0.998791289
-8.501809518,7.289001874,0,0,0,0.00065918,0.999999783
-8.001809511,7.289661054,0,0,0,0.000659179,0.999999783
-7.501809503,7.290320234,0,0,0,0.000659179,0.999999783
-7.001809496,7.290982465,0,0,0,0.000662231,0.999999781
-6.501811014,7.291644697,0,0,0,0.000662233,0.999999781
-6.001812533,7.292303876,0,0,0,0.000659181,0.999999783
-5.501812525,7.292963056,0,0,0,0.000659179,0.999999783
-5.001812518,7.293625288,0,0,0,0.000662231,0.999999781
-4.50181251,7.294284467,0,0,0,0.000659179,0.999999783
-4.001812503,7.294946699,0,0,0,0.000662231,0.999999781
-3.501814021,7.295605878,0,0,0,0.000659181,0.999999783
-3.001814014,7.296265058,0,0,0,0.000659179,0.999999783
-2.501814006,7.29692729,0,0,0,0.000662231,0.999999781
-2.001813999,7.297589521,0,0,0,0.000662231,0.999999781
-1.501813991,7.298248701,0,0,0,0.000659179,0.999999783
-1.00181551,7.29890788,0,0,0,0.000659181,0.999999783
-0.501815502,7.29956706,0,0,0,0.000659179,0.999999783
-0.001815495,7.300229292,0,0,0,0.000662231,0.999999781
0.498182987,7.300891523,0,0,0,0.000662233,0.999999781
0.998182994,7.301550703,0,0,0,0.000659179,0.999999783
1.498183002,7.302209882,0,0,0,0.000659179,0.999999783
1.998183009,7.302872114,0,0,0,0.000662231,0.999999781
2.498181491,7.303534345,0,0,0,0.000662233,0.999999781
2.998181498,7.304193525,0,0,0,0.000659179,0.999999783
3.498181505,7.304852705,0,0,0,0.000659179,0.999999783
3.998179987,7.305511884,0,0,0,0.000659181,0.999999783
4.498179995,7.306174116,0,0,0,0.000662231,0.999999781
4.998181528,7.306836347,0,0,0,0.000662229,0.999999781
5.498178484,7.307495527,0,0,0,0.000659183,0.999999783
5.998178491,7.308154707,0,0,0,0.000659179,0.999999783
6.498178498,7.308816938,0,0,0,0.000662231,0.999999781
6.998178506,7.309476118,0,0,0,0.000659179,0.999999783
7.498175462,7.310138349,0,0,0,0.000662235,0.999999781
7.998175469,7.310797529,0,0,0,0.000659179,0.999999783
8.498175476,7.311456709,0,0,0,0.000659179,0.999999783
8.998175484,7.31211894,0,0,0,0.000662231,0.999999781
9.39817549,7.312646894,0,0,0,0.000659942,0.999999782
9.397644484,7.7126469,0,0,0,0.707575946,0.706637305
8.897644477,7.711987721,0,0,0,-0.999999783,0.000659184
8.397647521,7.711325489,0,0,0,-0.999999781,0.000662283
7.897647513,7.710666309,0,0,0,-0.999999783,0.000659184
7.397647506,7.710004078,0,0,0,-0.999999781,0.000662283
6.89765055,7.709344898,0,0,0,-0.999999783,0.000659184
6.397650543,7.708685719,0,0,0,-0.999999783,0.000659184
5.897650535,7.708023487,0,0,0,-0.999999781,0.000662283
5.397650528,7.707361256,0,0,0,-0.999999781,0.000662283
4.89765052,7.706702076,0,0,0,-0.999999783,0.000659184
4.397650513,7.706042896,0,0,0,-0.999999783,0.000659184
3.897650506,7.705383717,0,0,0,-0.999999783,0.000659184
3.397652024,7.704721485,0,0,0,-0.999999781,0.000662283
2.897652017,7.704059254,0,0,0,-0.999999781,0.000662283
2.397652009,7.703400074,0,0,0,-0.999999783,0.000659184
1.897653528,7.702740894,0,0,0,-0.999999783,0.000659184
1.39765352,7.702078663,0,0,0,-0.999999781,0.000662283
0.897653513,7.701416431,0,0,0,-0.999999781,0.000662283
0.397653505,7.700757252,0,0,0,-0.999999783,0.000659184
-0.102344976,7.700098072,0,0,0,-0.999999783,0.000659184
-0.602344984,7.699438892,0,0,0,-0.999999783,0.000659184
-1.102344991,7.698776661,0,0,0,-0.999999781,0.000662283
-1.602343473,7.698114429,0,0,0,-0.999999781,0.000662283
-2.10234348,7.69745525,0,0,0,-0.999999783,0.000659184
-2.602343488,7.69679607,0,0,0,-0.999999783,0.000659184
-3.102341969,7.696133839,0,0,0,-0.999999781,0.000662283
-3.602340451,7.695474659,0,0,0,-0.999999783,0.000659184
-4.102340458,7.694812427,0,0,0,-0.999999781,0.000662283
-4.602340466,7.694153248,0,0,0,-0.999999783,0.000659184
-5.102340473,7.693494068,0,0,0,-0.999999783,0.000659184
-5.602340481,7.692831837,0,0,0,-0.999999781,0.000662283
-6.102338962,7.692169605,0,0,0,-0.999999781,0.000662283
-6.60233897,7.691510425,0,0,0,-0.999999783,0.000659184
-7.102337451,7.690851246,0,0,0,-0.999999783,0.000659184
-7.602337459,7.690192066,0,0,0,-0.999999783,0.000659184
-8.102337466,7.689529835,0,0,0,-0.999999781,0.000662283
-8.602337474,7.688867603,0,0,0,-0.999999781,0.000662283
-9.102336718,7.688208423,0,0,0,-0.999999783,0.000659184
-9.502335961,7.687680469,0,0,0,-0.999999782,0.000659899
-9.502864678,8.087680475,0,0,0,0.707573924,0.706639329
-9.002865434,8.088342707,0,0,0,0.000662232,0.999999781
-8.502866189,8.089001886,0,0,0,0.00065918,0.999999783
-8.002865419,8.089661066,0,0,0,0.000659178,0.999999783
-7.502866937,8.090320246,0,0,0,0.000659181,0.999999783
-7.00286693,8.090982477,0,0,0,0.000662231,0.999999781
-6.502868448,8.091644709,0,0,0,0.000662233,0.999999781
-6.002868441,8.092303888,0,0,0,0.000659179,0.999999783
-5.502868433,8.092963068,0,0,0,0.000659179,0.999999783
-5.002868426,8.0936253,0,0,0,0.000662231,0.999999781
-4.502868418,8.094284479,0,0,0,0.000659179,0.999999783
-4.002869937,8.094946711,0,0,0,0.000662233,0.999999781
-3.502871455,8.09560589,0,0,0,0.000659181,0.999999783
-3.002871448,8.09626507,0,0,0,0.000659179,0.999999783
-2.50287144,8.096927302,0,0,0,0.000662231,0.999999781
-2.002871433,8.097589533,0,0,0,0.000662231,0.999999781
-1.502871425,8.098248713,0,0,0,0.000659179,0.999999783
-1.002872944,8.098907892,0,0,0,0.000659181,0.999999783
-0.502872936,8.099567072,0,0,0,0.000659179,0.999999783
-0.002872929,8.100229304,0,0,0,0.000662231,0.999999781
0.497125553,8.100891535,0,0,0,0.000662233,0.999999781
0.99712556,8.101550715,0,0,0,0.000659179,0.999999783
1.497125567,8.102209894,0,0,0,0.000659179,0.999999783
1.997125575,8.102872126,0,0,0,0.000662231,0.999999781
2.497124056,8.103534357,0,0,0,0.000662233,0.999999781
2.997124064,8.104193537,0,0,0,0.000659179,0.999999783
3.497124071,8.104852717,0,0,0,0.000659179,0.999999783
3.997122553,8.105511896,0,0,0,0.000659181,0.999999783
4.49712256,8.106174128,0,0,0,0.000662231,0.999999781
4.997122568,8.106836359,0,0,0,0.000662231,0.999999781
5.497119524,8.107495539,0,0,0,0.000659183,0.999999783
5.997119531,8.108154719,0,0,0,0.000659179,0.999999783
6.497119538,8.10881695,0,0,0,0.000662231,0.999999781
6.997119546,8.10947613,0,0,0,0.000659179,0.999999783
7.497119553,8.110138361,0,0,0,0.000662231,0.999999781
7.997119561,8.110797541,0,0,0,0.000659179,0.999999783
8.497119568,8.111456721,0,0,0,0.000659179,0.999999783
8.997119576,8.112118952,0,0,0,0.000662231,0.999999781
9.397119582,8.112646906,0,0,0,0.000659942,0.999999782
9.396588576,8.512646912,0,0,0,0.707575946,0.706637305
8.896588568,8.511984681,0,0,0,-0.999999781,0.000662283
8.396591613,8.511322449,0,0,0,-0.999999781,0.000662283
7.896591605,8.51066327,0,0,0,-0.999999783,0.000659184
7.396591598,8.51000409,0,0,0,-0.999999783,0.000659184
6.896594642,8.50934491,0,0,0,-0.999999783,0.000659184
6.396594635,8.508682679,0,0,0,-0.999999781,0.000662283
5.896594627,8.508020447,0,0,0,-0.999999781,0.000662283
5.39659462,8.507361268,0,0,0,-0.999999783,0.000659184
4.896594612,8.506702088,0,0,0,-0.999999783,0.000659184
4.396594605,8.506042908,0,0,0,-0.999999783,0.000659184
3.896594597,8.505380677,0,0,0,-0.999999781,0.000662283
3.396596116,8.504718445,0,0,0,-0.999999781,0.000662283
2.896596108,8.504059266,0,0,0,-0.999999783,0.000659184
2.396596101,8.503400086,0,0,0,-0.999999783,0.000659184
1.896597619,8.502737854,0,0,0,-0.999999781,0.000662283
1.396597612,8.502075623,0,0,0,-0.999999781,0.000662283
0.896597604,8.501416443,0,0,0,-0.999999783,0.000659184
0.396597597,8.500757264,0,0,0,-0.999999783,0.000659184
-0.103400885,8.500098084,0,0,0,-0.999999783,0.000659184
-0.603400892,8.499435852,0,0,0,-0.999999781,0.000662283
-1.1034009,8.498773621,0,0,0,-0.999999781,0.000662283
-1.603399381,8.498114441,0,0,0,-0.999999783,0.000659184
-2.103399389,8.497455262,0,0,0,-0.999999783,0.000659184
-2.603399396,8.49679303,0,0,0,-0.999999781,0.000662283
-3.103399403,8.496130799,0,0,0,-0.999999781,0.000662283
-3.603397885,8.495471619,0,0,0,-0.999999783,0.000659184
-4.103397892,8.494812439,0,0,0,-0.999999783,0.000659184
-4.603396374,8.49415326,0,0,0,-0.999999783,0.000659184
-5.103396381,8.493491028,0,0,0,-0.999999781,0.000662283
-5.603396389,8.492828797,0,0,0,-0.999999781,0.000662283
-6.103396396,8.492169617,0,0,0,-0.999999783,0.000659184
-6.603396404,8.491510437,0,0,0,-0.999999783,0.000659184
-7.103394885,8.490851258,0,0,0,-0.999999783,0.000659184
-7.603394893,8.490189026,0,0,0,-0.999999781,0.000662283
-8.103393374,8.489526795,0,0,0,-0.999999781,0.000662283
-8.603394145,8.488867615,0,0,0,-0.999999783,0.000659184
-9.103393389,8.488208435,0,0,0,-0.999999783,0.000659184
-9.503393395,8.487677429,0,0,0,-0.99999978,0.000663714
-9.503921349,8.887677435,0,0,0,0.70757325,0.706640004
-9.003922105,8.888339667,0,0,0,0.000662232,0.999999781
-8.50392286,8.888998847,0,0,0,0.00065918,0.999999783
-8.003922853,8.889661078,0,0,0,0.000662231,0.999999781
-7.503924371,8.890320258,0,0,0,0.000659181,0.999999783
-7.003924364,8.890979437,0,0,0,0.000659179,0.999999783
-6.503924356,8.891641669,0,0,0,0.000662231,0.999999781
-6.003924349,8.8923039,0,0,0,0.000662231,0.999999781
-5.503924342,8.89296308,0,0,0,0.000659179,0.999999783
-5.00392586,8.89362226,0,0,0,0.000659181,0.999999783
-4.503925853,8.894281439,0,0,0,0.000659179,0.999999783
-4.003927371,8.894943671,0,0,0,0.000662233,0.999999781
-3.503927364,8.895605902,0,0,0,0.000662231,0.999999781
-3.003927356,8.896265082,0,0,0,0.000659179,0.999999783
-2.503927349,8.896924262,0,0,0,0.000659179,0.999999783
-2.003927341,8.897586493,0,0,0,0.000662231,0.999999781
-1.503927334,8.898248725,0,0,0,0.000662231,0.999999781
-1.003928852,8.898907904,0,0,0,0.000659181,0.999999783
-0.503928845,8.899567084,0,0,0,0.000659179,0.999999783
-0.003928837,8.900226264,0,0,0,0.000659179,0.999999783
0.496069644,8.900888495,0,0,0,0.000662233,0.999999781
0.996069652,8.901550727,0,0,0,0.000662231,0.999999781
1.496069659,8.902209906,0,0,0,0.000659179,0.999999783
1.996069667,8.902869086,0,0,0,0.000659179,0.999999783
2.496068148,8.903531317,0,0,0,0.000662233,0.999999781
2.996068156,8.904190497,0,0,0,0.000659179,0.999999783
3.496068163,8.904852729,0,0,0,0.000662231,0.999999781
3.996066645,8.905511908,0,0,0,0.000659181,0.999999783
4.496066652,8.906171088,0,0,0,0.000659179,0.999999783
4.99606666,8.906833319,0,0,0,0.000662231,0.999999781
5.496063615,8.907495551,0,0,0,0.000662235,0.999999781
5.996063623,8.908154731,0,0,0,0.000659179,0.999999783
6.49606363,8.90881391,0,0,0,0.000659179,0.999999783
6.996063638,8.90947309,0,0,0,0.000659179,0.999999783
7.496063645,8.910135321,0,0,0,0.000662231,0.999999781
7.996063653,8.910797553,0,0,0,0.000662231,0.999999781
8.49606366,8.911456733,0,0,0,0.000659179,0.999999783
8.996063667,8.912115912,0,0,0,0.000659179,0.999999783
9.396063673,8.912646918,0,0,0,0.000663757,0.99999978
9.395666945,9.212646923,0,0,0,0.707574177,0.706639076
8.895599799,9.261984692,0,0,0,0.998791301,0.049152187
8.395599791,9.26132246,0,0,0,-0.999999781,0.000662283
7.895599784,9.260663281,0,0,0,-0.999999783,0.000659184
7.395599776,9.260004101,0,0,0,-0.999999783,0.000659184
6.895602821,9.259344921,0,0,0,-0.999999783,0.000659184
6.395602813,9.25868269,0,0,0,-0.999999781,0.000662283
5.895602806,9.258020458,0,0,0,-0.999999781,0.000662283
5.39560585,9.257361279,0,0,0,-0.999999783,0.000659184
4.895605843,9.256702099,0,0,0,-0.999999783,0.000659184
4.395604309,9.256042919,0,0,0,-0.999999783,0.000659184
3.895604302,9.255380688,0,0,0,-0.999999781,0.000662283
3.39560582,9.254718456,0,0,0,-0.999999781,0.000662283
2.895605813,9.254059277,0,0,0,-0.999999783,0.000659184
2.395605805,9.253400097,0,0,0,-0.999999783,0.000659184
1.895607324,9.252737866,0,0,0,-0.999999781,0.000662283
1.395607316,9.252075634,0,0,0,-0.999999781,0.000662283
0.895607309,9.251416454,0,0,0,-0.999999783,0.000659184
0.395607302,9.250757275,0,0,0,-0.999999783,0.000659184
-0.104458319,9.300098096,0,0,0,0.998791143,0.049155402
-0.604458326,9.299435864,0,0,0,-0.999999781,0.000662283
-1.104458334,9.298773633,0,0,0,-0.999999781,0.000662283
-1.604456815,9.298114453,0,0,0,-0.999999783,0.000659184
-2.104456823,9.297455274,0,0,0,-0.999999783,0.000659184
-2.60445683,9.296793042,0,0,0,-0.999999781,0.000662283
-3.104455312,9.296130811,0,0,0,-0.999999781,0.000662283
-3.604455319,9.295471631,0,0,0,-0.999999783,0.000659184
-4.104455327,9.294812451,0,0,0,-0.999999783,0.000659184
-4.604455334,9.294153272,0,0,0,-0.999999783,0.000659184
-5.104455341,9.29349104,0,0,0,-0.999999781,0.000662283
-5.604453823,9.292828809,0,0,0,-0.999999781,0.000662283
-6.104452305,9.292169629,0,0,0,-0.999999783,0.000659184
-6.604452312,9.291510449,0,0,0,-0.999999783,0.000659184
-7.10445232,9.29085127,0,0,0,-0.999999783,0.000659184
-7.604452327,9.290189038,0,0,0,-0.999999781,0.000662283
-8.104452334,9.289526807,0,0,0,-0.999999781,0.000662283
-8.604451579,9.288867627,0,0,0,-0.999999783,0.000659184
-9.104450823,9.288208447,0,0,0,-0.999999783,0.000659184
-9.504383691,9.237677441,0,0,0,-0.998026131,0.062800019
