2.51155181635,2.23405078782,0.0,0.0,0.0,0.376594284608,0.926378294651
2.94135893565,2.65268847378,0.0,0.0,0.0,0.376594284608,0.926378294651
3.37117337917,3.07133714606,0.0,0.0,0.0,0.376596410441,0.926377430448
3.80098782269,3.48997849412,0.0,0.0,0.0,0.37659237964,0.926379069062
4.78955225372,4.45285689057,0.0,0.0,0.0,0.376595223288,0.926377913055
5.38459374432,4.52988203533,0.0,0.0,0.0,0.0643201647825,0.997929314332
5.81440452573,4.94853070762,0.0,0.0,0.0,0.37659839823,0.926376622358
6.24421164503,5.36717205568,0.0,0.0,0.0,0.376596300008,0.926377475342
6.67402242644,5.78580974164,0.0,0.0,0.0,0.376592324423,0.926379091509
7.10383686996,6.20445475181,0.0,0.0,0.0,0.376594395041,0.926378249757
7.49066547459,6.58123086643,0.0,0.0,0.0,0.376594339825,0.926378272204
7.15687153674,7.00993202873,0.0,0.0,0.0,0.898430018104,0.439116730005
6.8107875601,6.50532266501,0.0,-0.0,-0.0,-0.884760368839,0.466046231324
6.38097311658,6.08668131694,0.0,-0.0,-0.0,-0.926379051854,0.376592421971
5.95116599729,5.66803996888,0.0,-0.0,-0.0,-0.92637748058,0.376596287123
5.52135155377,5.2493949587,0.0,-0.0,-0.0,-0.926378243772,0.376594409764
5.09154077236,4.83074994853,0.0,-0.0,-0.0,-0.926377435686,0.376596397556
4.66172632884,4.41211226257,0.0,-0.0,-0.0,-0.926379904824,0.376590323744
4.23191554743,3.9934672524,0.0,-0.0,-0.0,-0.926377435686,0.376596397556
3.80210842813,3.57482224223,0.0,-0.0,-0.0,-0.926376627596,0.376598385345
3.37229398462,3.15618089416,0.0,-0.0,-0.0,-0.926379051854,0.376592421971
2.9424795411,2.7375395461,0.0,-0.0,-0.0,-0.926379051854,0.376592421971
2.5126724218,2.31889819803,0.0,-0.0,-0.0,-0.92637748058,0.376596287123
2.08285797828,1.90025684997,0.0,-0.0,-0.0,-0.926379051854,0.376592421971
1.65304353476,1.48161183979,0.0,-0.0,-0.0,-0.926378243772,0.376594409764
1.22323275335,1.06296682962,0.0,-0.0,-0.0,-0.926377435686,0.376596397556
0.793421971945,0.644329143666,0.0,-0.0,-0.0,-0.926379096747,0.376592311538
0.363607528427,0.225680471383,0.0,-0.0,-0.0,-0.926377435686,0.376596397556
-0.0662032529816,-0.192960876682,0.0,-0.0,-0.0,-0.926378288666,0.376594299331
-0.49601403439,-0.611602224746,0.0,-0.0,-0.0,-0.926378288666,0.376594299331
-0.925828477908,-1.03024357281,0.0,-0.0,-0.0,-0.926379051854,0.376592421971
-1.35564292143,-1.44888858298,0.0,-0.0,-0.0,-0.926378243772,0.376594409764
-1.78545004073,-1.86752993105,0.0,-0.0,-0.0,-0.92637748058,0.376596287123
-2.33750569245,-1.90269350448,0.0,-0.0,-0.0,-0.99949426758,0.0317995137651
-2.9314229155,-1.89487490114,0.0,0.0,0.0,0.999978339646,0.00658181127071
-2.336385087,-1.81784609427,0.0,0.0,0.0,0.0643235700821,0.997929094842
-1.90657796771,-1.3992010841,0.0,0.0,0.0,0.376598343014,0.926376644805
-1.47676352419,-0.98056339814,0.0,0.0,0.0,0.376590336629,0.926379899586
-1.04695274278,-0.561922050075,0.0,0.0,0.0,0.376594339825,0.926378272204
-0.61714196137,-0.143277039902,0.0,0.0,0.0,0.376596382832,0.926377441671
-0.187327517852,0.275364308163,0.0,0.0,0.0,0.37659237964,0.926379069062
0.242479601447,0.694009318337,0.0,0.0,0.0,0.376598343014,0.926376644805
0.672294044965,1.11264700429,0.0,0.0,0.0,0.376590336629,0.926379899586
1.10210848848,1.53129201447,0.0,0.0,0.0,0.376594395041,0.926378249757
1.53191926989,1.94993702464,0.0,0.0,0.0,0.376596382832,0.926377441671
1.9617300513,2.36857471059,0.0,0.0,0.0,0.376592324423,0.926379091509
2.39154449482,2.78721972077,0.0,0.0,0.0,0.376594395041,0.926378249757
2.82135893834,3.20586473094,0.0,0.0,0.0,0.376594395041,0.926378249757
3.25116971974,3.62450607901,0.0,0.0,0.0,0.376594339825,0.926378272204
3.68097683904,4.04314742707,0.0,0.0,0.0,0.376596300008,0.926377475342
4.11079128256,4.46179243725,0.0,0.0,0.0,0.376594395041,0.926378249757
4.54060206397,4.88043744742,0.0,0.0,0.0,0.376596382832,0.926377441671
4.97041650749,5.29907513337,0.0,0.0,0.0,0.376590336629,0.926379899586
5.40023095101,5.71772014355,0.0,0.0,0.0,0.376594395041,0.926378249757
5.83004173241,6.13636515372,0.0,0.0,0.0,0.376596382832,0.926377441671
6.25985251382,6.55500283968,0.0,0.0,0.0,0.376592324423,0.926379091509
6.68966695734,6.97364784985,0.0,0.0,0.0,0.376594395041,0.926378249757
6.94755269376,7.22483192627,0.0,0.0,0.0,0.376594339825,0.926378272204
6.6544997218,7.52570350157,0.0,0.0,0.0,0.921340801334,0.38875587172
6.22468894039,7.10706581562,0.0,-0.0,-0.0,-0.926379096747,0.376592311538
5.79487449687,6.68841714334,0.0,-0.0,-0.0,-0.926377435686,0.376596397556
5.44879418234,6.18381144172,0.0,-0.0,-0.0,-0.884760035497,0.466046864154
5.01898340093,5.76517009366,0.0,-0.0,-0.0,-0.926378288666,0.376594299331
4.58916895742,5.34652874559,0.0,-0.0,-0.0,-0.926379051854,0.376592421971
4.20121974734,4.88490522076,0.0,-0.0,-0.0,-0.90646909312,0.422272167231
3.77140530382,4.46626021058,0.0,-0.0,-0.0,-0.926378243772,0.376594409764
3.34159818452,4.04761520041,0.0,-0.0,-0.0,-0.926376627596,0.376598385345
2.86992216967,3.67195236701,0.0,-0.0,-0.0,-0.943987392392,0.329981519187
2.48197295959,3.21032884217,0.0,-0.0,-0.0,-0.90646909312,0.422272167231
2.05215851608,2.79169115622,0.0,-0.0,-0.0,-0.926379904824,0.376590323744
1.58048250123,2.41602832282,0.0,-0.0,-0.0,-0.943987392392,0.329981519187
1.15067171982,1.99738331264,0.0,-0.0,-0.0,-0.926377435686,0.376596397556
0.720860938411,1.57874196458,0.0,-0.0,-0.0,-0.926378288666,0.376594299331
0.291050157002,1.16010061651,0.0,-0.0,-0.0,-0.926378288666,0.376594299331
-0.138767948625,0.741455606339,0.0,-0.0,-0.0,-0.926379051854,0.376592421971
-0.610440301364,0.365796435048,0.0,-0.0,-0.0,-0.943987549739,0.329981069059
-1.04025108277,-0.0528485751261,0.0,-0.0,-0.0,-0.926377435686,0.376596397556
-1.47006186418,-0.471489923191,0.0,-0.0,-0.0,-0.926378288666,0.376594299331
-1.94174154114,-0.847152756591,0.0,-0.0,-0.0,-0.94398802178,0.329979718674
-2.37154866044,-1.26579410466,0.0,-0.0,-0.0,-0.92637748058,0.376596287123
-2.80136310396,-1.68443545272,0.0,-0.0,-0.0,-0.926379051854,0.376592421971
-3.43937578501,-1.80332949303,0.0,-0.0,-0.0,-0.995760072446,0.0919884673332
-3.00956866571,-1.38468814497,0.0,0.0,0.0,0.376596300008,0.926377475342
-2.57975422219,-0.966043134793,0.0,0.0,0.0,0.376594395041,0.926378249757
-2.14994344078,-0.547398124619,0.0,0.0,0.0,0.376596382832,0.926377441671
-1.55490927439,-0.470372979856,0.0,0.0,0.0,0.0643209454735,0.997929264013
5.75189598221,6.6465519099,0.0,0.0,0.0,0.376594367433,0.926378260981
5.84456199576,7.23935585172,0.0,0.0,0.0,0.650214361273,0.759750804142
6.27437643928,7.6580008619,0.0,0.0,0.0,0.376594395041,0.926378249757
6.40331930749,7.783589238,0.0,0.0,0.0,0.3765875758,0.926381021909
-2.74239948223,-0.492792412949,0.0,-0.0,-0.0,-0.93313124619,0.359535919462
-3.34238848249,-0.496165215608,0.0,-0.0,-0.0,-0.999996050061,0.00281066921698
-3.94271805891,-0.439538019608,0.0,0.0,0.0,0.998894560131,0.0470069967297
-4.54271072128,-0.442907160158,0.0,-0.0,-0.0,-0.999996058768,0.00280756978768
-5.14168897938,-0.626276296684,0.0,-0.0,-0.0,-0.988988418917,0.147992929721
-5.32101148514,-0.747287036167,0.0,-0.0,-0.0,-0.956273293962,0.292474592495
-5.73864575315,-1.16964542516,0.0,-0.0,-0.0,-0.92279981172,0.3852797782
-5.26067457242,-0.806946458661,0.0,0.0,0.0,0.318895815162,0.947789775779
-4.66068191005,-0.803577318112,0.0,0.0,0.0,0.00280761815549,0.999996058632
-4.06069290979,-0.800204515453,0.0,0.0,0.0,0.00281068708409,0.999996050011
-3.46070390953,-0.796835374903,0.0,0.0,0.0,0.00280763538489,0.999996058584
-2.86071124716,-0.793462572244,0.0,0.0,0.0,0.00281067008752,0.999996050059
-2.26172932695,-0.610093435718,0.0,0.0,0.0,0.147992088727,0.988988544764
-2.14241048197,-0.489423272399,0.0,0.0,0.0,0.385282953715,0.922798485899
-2.50038166537,-0.851437424464,0.0,-0.0,-0.0,-0.922801465153,0.38527581797
-2.97835284609,-1.21413272886,0.0,-0.0,-0.0,-0.947790559527,0.318893485779
-3.57833818424,-1.21750186941,0.0,-0.0,-0.0,-0.999996058433,0.0028076889965
-4.17833084662,-1.22087100996,0.0,-0.0,-0.0,-0.999996058768,0.00280756978768
-4.77831618477,-1.22424747472,0.0,-0.0,-0.0,-0.999996041345,0.00281376864625
-5.37830884714,-1.22761661527,0.0,-0.0,-0.0,-0.999996058768,0.00280756978768
-5.97729076734,-1.4109857518,0.0,-0.0,-0.0,-0.988988542412,0.147992104445
-6.15627635905,-1.59199648994,0.0,-0.0,-0.0,-0.922799490217,0.385280548245
-6.33526195075,-1.77299990387,0.0,-0.0,-0.0,-0.922803394136,0.385271197692
-5.73594311649,-1.64963442811,0.0,0.0,0.0,0.101329431699,0.994852926955
-5.13595777834,-1.64626162545,0.0,0.0,0.0,0.00281070431349,0.999996049963
-4.53596511597,-1.6428924849,0.0,0.0,0.0,0.00280761815549,0.999996058632
-3.93597245359,-1.63951602013,0.0,0.0,0.0,0.00281372155387,0.999996041478
-3.33598345333,-1.63614687958,0.0,0.0,0.0,0.00280763538489,0.999996058584
-2.97801593204,-1.27412906541,0.0,0.0,0.0,0.38528056108,0.922799484858
7.79670794822,-9.28816453081,0.0,-0.0,-0.0,-0.31433355269,0.949312602704
8.39668596216,-9.29370164006,0.0,-0.0,-0.0,-0.00461427952922,0.999989354156
8.99666031398,-9.29924241142,0.0,-0.0,-0.0,-0.00461735891451,0.999989339942
9.11665664919,-9.30034836843,0.0,-0.0,-0.0,-0.00460814823224,0.999989382429
9.11831924681,-9.12035569667,0.0,0.0,0.0,0.703833560745,0.710364919438
8.51834123287,-9.11481858742,0.0,0.0,0.0,0.999989354093,0.00461429309403
7.91836321894,-9.10927781606,0.0,0.0,0.0,0.999989340337,0.00461727329452
7.31783955072,-9.16372971914,0.0,-0.0,-0.0,-0.998978047564,0.045198014174
7.19673725851,-9.28262009734,0.0,-0.0,-0.0,-0.925633182388,0.378422002085
7.43894184294,-9.04484300305,0.0,0.0,0.0,0.378418428775,0.925634643239
7.92224505479,-8.68929247388,0.0,0.0,0.0,0.311843397803,0.950133514432
8.52222306872,-8.69483690735,0.0,-0.0,-0.0,-0.00462038288665,0.999989325974
9.12219375844,-8.70037767871,0.0,-0.0,-0.0,-0.00461738731955,0.99998933981
9.18718154995,-8.16095264194,0.0,0.0,0.0,0.663471515822,0.748201542162
8.58609757902,-8.27540454368,0.0,-0.0,-0.0,-0.995577892429,0.0939396620535
7.98390765107,-8.50986010485,0.0,-0.0,-0.0,-0.982818181759,0.184576330023
7.86280169674,-8.62874682094,0.0,-0.0,-0.0,-0.925638956542,0.378407878
8.28666887477,-8.2126359904,0.0,0.0,0.0,0.378413959828,0.925636470223
8.76997208662,-7.85708912334,0.0,0.0,0.0,0.311841075874,0.950134276509
9.18995010458,-7.86096729709,0.0,-0.0,-0.0,-0.00461696729754,0.99998934175
7.13226216229,-9.21691819451,0.0,-0.0,-0.0,-0.957863585973,0.287223520393
6.5322621757,-9.21772019645,0.0,-0.0,-0.0,-0.999999776646,0.000668362725361
5.93226218911,-9.21852219838,0.0,-0.0,-0.0,-0.999999776646,0.000668362725361
5.33226586463,-9.21932786243,0.0,-0.0,-0.0,-0.999999774649,0.000671342956931
4.73226587805,-9.22012620225,0.0,-0.0,-0.0,-0.999999778712,0.000665263284521
4.13226955357,-9.2209318663,0.0,-0.0,-0.0,-0.999999774649,0.000671342956931
3.53226590487,-9.22173753034,0.0,-0.0,-0.0,-0.999999774649,0.000671342956931
2.93226958039,-9.22253587017,0.0,-0.0,-0.0,-0.999999778712,0.000665263284521
2.3322695938,-9.22334153421,0.0,-0.0,-0.0,-0.999999774649,0.000671342956931
1.7322659451,-9.22413987404,0.0,-0.0,-0.0,-0.999999778712,0.000665263284521
1.13226962062,-9.22494553808,0.0,-0.0,-0.0,-0.999999774649,0.000671342956931
0.532108501223,-9.10574388059,0.0,0.0,0.0,0.995198679981,0.0978753664861
0.351786239629,-8.86598558517,0.0,0.0,0.0,0.89472726442,0.446612944621
-0.0687740537053,-8.44654955939,0.0,0.0,0.0,0.92413543416,0.38206504594
0.411705671883,-8.80590868221,0.0,-0.0,-0.0,-0.315594830856,0.948894041891
1.01170565847,-8.80509935606,0.0,0.0,0.0,0.000674438029621,0.999999772567
1.61170564506,-8.80430101623,0.0,0.0,0.0,0.000665282723312,0.999999778699
2.21170563165,-8.80350267641,0.0,0.0,0.0,0.000665282723312,0.999999778699
2.81170561824,-8.80269701236,0.0,0.0,0.0,0.000671386260857,0.99999977462
3.41170194272,-8.80189501043,0.0,0.0,0.0,0.000668338566623,0.999999776662
4.01170192931,-8.80109300849,0.0,0.0,0.0,0.000668334492088,0.999999776664
4.6117019159,-8.80028734445,0.0,0.0,0.0,0.000671386260857,0.99999977462
5.21169824038,-8.79948900462,0.0,0.0,0.0,0.000665286797848,0.999999778697
5.81170555118,-8.79868334058,0.0,0.0,0.0,0.000671378053579,0.999999774626
6.41169821355,-8.79788133864,0.0,0.0,0.0,0.000668342641159,0.999999776659
7.01169820014,-8.79707933671,0.0,0.0,0.0,0.000668334492088,0.999999776664
7.61169818673,-8.79627367266,0.0,0.0,0.0,0.000671386260857,0.99999977462
8.03121844103,-8.4357170401,0.0,0.0,0.0,0.347569117614,0.937654365148
8.45065812892,-8.01515308465,0.0,0.0,0.0,0.383301627205,0.923623225445
7.97114153807,-8.37579760784,0.0,-0.0,-0.0,-0.948470797354,0.316864555555
7.37113422727,-8.37659594767,0.0,-0.0,-0.0,-0.999999778712,0.000665263284521
6.7711415649,-8.37740161171,0.0,-0.0,-0.0,-0.999999774649,0.000671342956931
6.1711379162,-8.37820727576,0.0,-0.0,-0.0,-0.999999774649,0.000671342956931
5.57114159172,-8.37900561558,0.0,-0.0,-0.0,-0.999999778712,0.000665263284521
4.97114160513,-8.37981127963,0.0,-0.0,-0.0,-0.999999774649,0.000671342956931
4.37114161854,-8.38061328156,0.0,-0.0,-0.0,-0.999999776646,0.000668362725361
3.77114163195,-8.38141162139,0.0,-0.0,-0.0,-0.999999778712,0.000665263284521
3.17114164536,-8.38221362333,0.0,-0.0,-0.0,-0.999999776646,0.000668362725361
2.57114165877,-8.38301928737,0.0,-0.0,-0.0,-0.999999774649,0.000671342956931
1.97114533429,-8.3838176272,0.0,-0.0,-0.0,-0.999999778712,0.000665263284521
1.37114168559,-8.38462329124,0.0,-0.0,-0.0,-0.999999774649,0.000671342956931
0.771141699005,-8.38542529318,0.0,-0.0,-0.0,-0.999999776646,0.000668362725361
0.171145374526,-8.38622729511,0.0,-0.0,-0.0,-0.999999776646,0.000668362725361
-0.429253781976,-8.08703296586,0.0,0.0,0.0,0.973402733334,0.229100673806
-0.549334345698,-8.02719410001,0.0,0.0,0.0,0.973403033753,0.229099397381
-0.969898301142,-7.60775807423,0.0,0.0,0.0,0.924136253981,0.38206306296
-0.489418575553,-7.96710987284,0.0,-0.0,-0.0,-0.315590164777,0.94889559378
0.110581411036,-7.96631153301,0.0,0.0,0.0,0.000665282723312,0.999999778699
0.710585059734,-7.96550953108,0.0,0.0,0.0,0.000668330417553,0.999999776667
1.3105777221,-7.96470386703,0.0,0.0,0.0,0.000671394468136,0.999999774615
1.91057770869,-7.9639018651,0.0,0.0,0.0,0.000668334492088,0.999999776664
2.51058135739,-7.96309986316,0.0,0.0,0.0,0.000668330417553,0.999999776667
3.11057768187,-7.96230152334,0.0,0.0,0.0,0.000665286797848,0.999999778697
3.71057766846,-7.96149585929,0.0,0.0,0.0,0.000671386260857,0.99999977462
4.31057765505,-7.96069385736,0.0,0.0,0.0,0.000668334492088,0.999999776664
4.91057764164,-7.95989185542,0.0,0.0,0.0,0.000668334492088,0.999999776664
5.51057762823,-7.95908619138,0.0,0.0,0.0,0.000671386260857,0.99999977462
6.11057761482,-7.95828785155,0.0,0.0,0.0,0.000665282723312,0.999999778699
6.7105776014,-7.95748218751,0.0,0.0,0.0,0.000671386260857,0.99999977462
7.31057758799,-7.95667652346,0.0,0.0,0.0,0.000671386260857,0.99999977462
7.91057391247,-7.95587818364,0.0,0.0,0.0,0.000665286797848,0.999999778697
8.51057756117,-7.95507251959,0.0,0.0,0.0,0.000671382186322,0.999999774623
8.63041642568,-7.83491505157,0.0,0.0,0.0,0.38329658992,0.923625315892
8.03041643909,-7.8357133914,0.0,-0.0,-0.0,-0.999999778712,0.000665263284521
7.4304164525,-7.83651539334,0.0,-0.0,-0.0,-0.999999776646,0.000668362725361
6.83049703232,-7.89732105604,0.0,-0.0,-0.0,-0.998724857536,0.0504842444683
6.23041647932,-7.83812305931,0.0,0.0,0.0,0.998791599585,0.0491461147798
5.63041649274,-7.83892506125,0.0,-0.0,-0.0,-0.999999776646,0.000668362725361
5.03050073466,-7.89972706184,0.0,-0.0,-0.0,-0.998724995951,0.0504815061506
4.43049708596,-7.90053272589,0.0,-0.0,-0.0,-0.999999774649,0.000671342956931
3.83049709937,-7.90133472782,0.0,-0.0,-0.0,-0.999999776646,0.000668362725361
3.17050077623,-7.90221363405,0.0,-0.0,-0.0,-0.999999778316,0.000665859330837
2.57049712754,-7.9030192981,0.0,-0.0,-0.0,-0.999999774649,0.000671342956931
1.97050446517,-7.90382130003,0.0,-0.0,-0.0,-0.999999776646,0.000668362725361
1.37050447858,-7.90462330197,0.0,-0.0,-0.0,-0.999999776646,0.000668362725361
0.770500829879,-7.90542896601,0.0,-0.0,-0.0,-0.999999774649,0.000671342956931
0.170262806186,-7.72622730986,0.0,0.0,0.0,0.989496732111,0.144555239065
-0.429978879616,-7.54703297793,0.0,0.0,0.0,0.989497662636,0.144548869373
-1.02997886621,-7.54783864197,0.0,-0.0,-0.0,-0.999999774649,0.000671342956931
-1.39045859448,-7.18831472423,0.0,0.0,0.0,0.924133339044,0.382070113549
-1.75093832275,-6.8287981307,0.0,0.0,0.0,0.924135297523,0.382065376437
-1.21053550279,-7.12807302636,0.0,-0.0,-0.0,-0.25019132642,0.968196416118
-0.610542840424,-7.12727468653,0.0,0.0,0.0,0.000665290872383,0.999999778694
-0.130059452726,-7.48663014725,0.0,-0.0,-0.0,-0.315590758642,0.948895396269
-0.55062340817,-7.06719412147,0.0,0.0,0.0,0.924136253981,0.38206306296
-1.03110313376,-6.70783866075,0.0,0.0,0.0,0.948894817526,0.315592498759
-1.63109945824,-6.70863700058,0.0,-0.0,-0.0,-0.999999778712,0.000665263284521
-2.17158284459,-6.34936210626,0.0,0.0,0.0,0.957286369329,0.289141500128
-2.59213947582,-5.92992608048,0.0,0.0,0.0,0.924134614336,0.382067028919
-2.11166341234,-6.2892815412,0.0,-0.0,-0.0,-0.315594236992,0.948894239406
-1.51166342575,-6.28847587716,0.0,0.0,0.0,0.000671386260857,0.99999977462
-0.971180039394,-6.64775809569,0.0,-0.0,-0.0,-0.289146021078,0.957285003797
-1.33174399618,-6.22823417928,0.0,0.0,0.0,0.908791430453,0.41725068716
-1.81222372177,-5.86887871857,0.0,0.0,0.0,0.948894817526,0.315592498759
-2.41222004625,-5.8696807205,0.0,-0.0,-0.0,-0.999999776646,0.000668362725361
-3.01262286486,-5.57048639125,0.0,0.0,0.0,0.973403033753,0.229099397381
-3.07270342992,-5.51056329689,0.0,0.0,0.0,0.924130424054,0.382077164115
-3.55318681762,-5.15120783617,0.0,0.0,0.0,0.948895419469,0.315590688885
-4.1531831421,-5.15201350021,0.0,-0.0,-0.0,-0.999999774649,0.000671342956931
-4.7531867908,-5.15281550215,0.0,-0.0,-0.0,-0.999999776646,0.000668362725361
-5.35318311528,-5.15361750408,0.0,-0.0,-0.0,-0.999999776646,0.000668362725361
-4.75310622439,-5.21281550081,0.0,-0.0,-0.0,-0.0491464561014,0.99879158279
-4.1531831421,-5.15201350021,0.0,0.0,0.0,0.0504809210349,0.998725025526
-3.55318681762,-5.15120783617,0.0,0.0,0.0,0.000671390335393,0.999999774617
-3.01278399767,-5.45048639393,0.0,-0.0,-0.0,-0.250193836761,0.968195767418
-2.41278767319,-5.449684392,0.0,0.0,0.0,0.000668338566623,0.999999776662
-1.81238851669,-5.74887872125,0.0,-0.0,-0.0,-0.229100629326,0.973402743803
-1.75230428951,-5.80880181561,0.0,-0.0,-0.0,-0.382063103355,0.92413623728
-2.23286458151,-5.38944269413,0.0,0.0,0.0,0.936337250795,0.351101912232
-2.7133479692,-5.0300835713,0.0,0.0,0.0,0.948894629418,0.315593064344
-3.31334795579,-5.03088923534,0.0,-0.0,-0.0,-0.999999774649,0.000671342956931
-3.91334428027,-5.03169123728,0.0,-0.0,-0.0,-0.999999776646,0.000668362725361
-4.51334792897,-5.0324895771,0.0,-0.0,-0.0,-0.999999778712,0.000665263284521
-5.11334791556,-5.03329524115,0.0,-0.0,-0.0,-0.999999774649,0.000671342956931
-5.35318311528,-5.15361750408,0.0,-0.0,-0.0,-0.973093813582,0.230409266237
-5.17342848062,-4.97337580889,0.0,0.0,0.0,0.383308343567,0.923620438141
-4.69390456556,-4.61273494781,0.0,0.0,0.0,0.316858830615,0.948472709919
-4.09390824108,-4.61193294588,0.0,0.0,0.0,0.000668338566623,0.999999776662
-3.4939119166,-4.61112728183,0.0,0.0,0.0,0.000671390335393,0.999999774617
-2.89366656869,-4.79032893799,0.0,-0.0,-0.0,-0.144553557193,0.989496977814
-2.65342853695,-4.97000666834,0.0,-0.0,-0.0,-0.315594236992,0.948894239406
-3.13398516683,-4.55064754686,0.0,0.0,0.0,0.93633658112,0.351103698153
-3.61446855453,-4.19128842403,0.0,0.0,0.0,0.948894629418,0.315593064344
-4.21446854112,-4.19209408808,0.0,-0.0,-0.0,-0.999999774649,0.000671342956931
-4.75398513062,-4.55281551556,0.0,-0.0,-0.0,-0.956897947335,0.290424376362
-4.33454910484,-4.13225522223,0.0,0.0,0.0,0.383301627205,0.923623225445
-3.73478715536,-3.9514495622,0.0,0.0,0.0,0.145876553835,0.989302800482
-3.55454912228,-4.13121152108,0.0,-0.0,-0.0,-0.382072467413,0.924132365868
-5.4441023027,-5.07734675384,0.0,-0.0,-0.0,-0.973182898366,0.230032707081
-6.04410228929,-5.076346998,0.0,0.0,0.0,0.999999652964,0.000833109916907
-6.64410227588,-5.07535090427,0.0,0.0,0.0,0.999999655442,0.000830129685699
-7.24410226246,-5.07436213476,0.0,0.0,0.0,0.999999660569,0.000823930804762
-7.844100418,-5.07336604103,0.0,0.0,0.0,0.999999655442,0.000830129685699
-8.44409674248,-5.0723662852,0.0,0.0,0.0,0.999999652964,0.000833109916907
-8.68409856817,-5.07197077739,0.0,0.0,0.0,0.999999660569,0.000823930804762
-8.68399969122,-5.01197077873,0.0,0.0,0.0,0.706523918646,0.707689163673
-8.20340277813,-4.6527654645,0.0,0.0,0.0,0.315441920876,0.948944884888
-7.60340645365,-4.65376155823,0.0,-0.0,-0.0,-0.000830082360324,0.999999655482
-7.00340646706,-4.65475765195,0.0,-0.0,-0.0,-0.000830077296259,0.999999655486
-6.40340648047,-4.65575374568,0.0,-0.0,-0.0,-0.000830077296259,0.999999655486
-5.80340649389,-4.6567461773,0.0,-0.0,-0.0,-0.000827025527852,0.999999658014
-5.2034065073,-4.65774593314,0.0,-0.0,-0.0,-0.00083312900645,0.999999652948
-4.60291579806,-4.35873837146,0.0,0.0,0.0,0.22894971831,0.97343824996
-4.54281326034,-4.29883724975,0.0,0.0,0.0,0.381907957231,0.924200363668
-4.12211014475,-3.87953672201,0.0,0.0,0.0,0.381911978552,0.924198701924
-4.60271071994,-4.23874203625,0.0,-0.0,-0.0,-0.94894548153,0.315440125988
-5.20271070653,-4.23774594252,0.0,0.0,0.0,0.999999655442,0.000830129685699
-5.80271069312,-4.2367498488,0.0,0.0,0.0,0.999999655442,0.000830129685699
-6.40271067971,-4.23575375507,0.0,0.0,0.0,0.999999655442,0.000830129685699
-7.0027106663,-4.23475766134,0.0,0.0,0.0,0.999999655442,0.000830129685699
-7.60271065289,-4.23376156761,0.0,0.0,0.0,0.999999655442,0.000830129685699
-8.20270880842,-4.23276547389,0.0,0.0,0.0,0.999999655442,0.000830129685699
-8.62270696798,-4.23206967312,0.0,0.0,0.0,0.999999656925,0.000828341546971
-8.62210638205,-3.87206968117,0.0,0.0,0.0,0.706516705563,0.707696364807
-8.02200934957,-3.81306577623,0.0,0.0,0.0,0.048984846727,0.998799521822
-7.42200753193,-3.81406186996,0.0,-0.0,-0.0,-0.000830074735123,0.999999655488
-6.82201120745,-3.81505796369,0.0,-0.0,-0.0,-0.000830082360324,0.999999655482
-6.22201488297,-3.81605039531,0.0,-0.0,-0.0,-0.000827030591917,0.99999965801
-5.62201123427,-3.81704648904,0.0,-0.0,-0.0,-0.000830072232194,0.99999965549
-5.02201490979,-3.81804258276,0.0,-0.0,-0.0,-0.000830082360324,0.999999655482
-4.4220149232,-3.81903867649,0.0,-0.0,-0.0,-0.000830077296259,0.999999655486
-3.94181718003,-3.69983335689,0.0,0.0,0.0,0.121361858228,0.992608331301
-4.5416157506,-3.57884459006,0.0,0.0,0.0,0.995051741325,0.0993581002494
-5.1416193993,-3.57784849634,0.0,0.0,0.0,0.999999655442,0.000830129685699
-5.74161572378,-3.5768487405,0.0,0.0,0.0,0.999999652964,0.000833109916907
-6.34161204826,-3.57585264677,0.0,0.0,0.0,0.999999655442,0.000830129685699
-6.94161203485,-3.57486021515,0.0,0.0,0.0,0.99999965801,0.000827030245235
-7.54131172848,-3.39386046334,0.0,0.0,0.0,0.989279063164,0.14603744446
-8.14131537718,-3.39286436961,0.0,0.0,0.0,0.999999655442,0.000830129685699
-8.50191046189,-3.75226743775,0.0,-0.0,-0.0,-0.924195998329,0.381918520986
-8.08121283946,-3.33296691001,0.0,0.0,0.0,0.38191500831,0.924197449914
-7.48091622202,-3.15396300776,0.0,0.0,0.0,0.144392307739,0.989520520993
-7.30121285689,-3.33425963459,0.0,-0.0,-0.0,-0.38344456574,0.923563893298
-8.19515204589,-3.43805113618,0.0,-0.0,-0.0,-0.998330381792,0.0577620012694
-7.76358711413,-3.021215208,0.0,0.0,0.0,0.374650252624,0.927166213906
-6.8930817625,-1.76335390799,0.0,0.0,0.0,0.464183242757,0.885739192507
-6.2977289926,-1.68882632176,0.0,0.0,0.0,0.0622269772879,0.998062023773
-5.86616039873,-1.27199405569,0.0,0.0,0.0,0.374646246023,0.927167832887
-5.43459546697,-0.855158127506,0.0,0.0,0.0,0.374650252624,0.927166213906
-5.0030268731,-0.438329523541,0.0,0.0,0.0,0.374644201272,0.927168659119
-4.95986891508,-0.396643733457,0.0,0.0,0.0,0.374654590797,0.927164460921
-5.04471266319,-0.395167903412,0.0,0.0,0.0,0.999962185575,0.00869640276177
-5.64006543308,-0.469695489637,0.0,-0.0,-0.0,-0.998062020466,0.0622270303311
-6.07163402695,-0.886527755711,0.0,-0.0,-0.0,-0.927167849264,0.374646205495
-6.50319895871,-1.30336368389,0.0,-0.0,-0.0,-0.927166241448,0.374650184464
-6.93476755258,-1.72019228786,0.0,-0.0,-0.0,-0.927168653165,0.374644216008
-7.40801827443,-2.09387392013,0.0,-0.0,-0.0,-0.944677799372,0.327999779533
-7.79790107821,-2.55386048211,0.0,-0.0,-0.0,-0.907354162078,0.420367011741
-8.22946784103,-2.97069274819,0.0,-0.0,-0.0,-0.927167447311,0.374647200238
-8.57766668578,-3.4738409303,0.0,-0.0,-0.0,-0.885737386737,0.464186688452
-8.62671880871,-3.85488340225,0.0,-0.0,-0.0,-0.750892063604,0.660424945634
-8.57324835092,-3.21932067232,0.0,0.0,0.0,0.676818041749,0.736150350379
-8.4780939341,-2.6269159004,0.0,0.0,0.0,0.648617322905,0.761114688091
-8.04652717129,-2.21007997222,0.0,0.0,0.0,0.374649257882,0.927166615862
-7.61496040847,-1.79324770615,0.0,0.0,0.0,0.374647213134,0.9271674421
-7.1833918146,-1.37641544007,0.0,0.0,0.0,0.374646246023,0.927167832887
-6.75182688284,-0.95957951189,0.0,0.0,0.0,0.374650252624,0.927166213906
-6.32025828897,-0.542750907926,0.0,0.0,0.0,0.374644201272,0.927168659119
-5.72343335114,-0.383383235707,0.0,0.0,0.0,0.130099017555,0.991501006369
-5.63858960304,-0.384855403643,0.0,-0.0,-0.0,-0.00867478006911,0.999962373387
-6.27562816302,-0.416225031848,0.0,-0.0,-0.0,-0.9996973975,0.0245990534557
-6.87098459502,-0.490752618073,0.0,-0.0,-0.0,-0.998062050138,0.062226554418
-7.30254952678,-0.907584884146,0.0,-0.0,-0.0,-0.927167045358,0.37464819498
-7.73411445854,-1.32441715022,0.0,-0.0,-0.0,-0.927167045358,0.37464819498
-8.16568305241,-1.74124941629,0.0,-0.0,-0.0,-0.927167849264,0.374646205495
-8.59725164628,-2.15808534448,0.0,-0.0,-0.0,-0.927167045358,0.37464819498
-8.5629340201,-2.62544373247,0.0,-0.0,-0.0,-0.680723246385,0.73254068954
-8.59577581624,-2.07324159637,0.0,0.0,0.0,0.727794355052,0.685795433606
-8.50062323047,-1.48083682446,0.0,0.0,0.0,0.648618457054,0.761113721575
-8.06905646766,-1.06400089628,0.0,0.0,0.0,0.374649257882,0.927166615862
-7.63748604273,-0.647172292311,0.0,0.0,0.0,0.374643206528,0.927169061069
-7.20592111097,-0.230336364128,0.0,0.0,0.0,0.374650252624,0.927166213906
-6.78319651105,-0.32254461402,0.0,-0.0,-0.0,-0.107175964857,0.994240067869
-7.32949898907,-0.0160297282928,0.0,0.0,0.0,0.967498649501,0.252876181587
-7.4545490351,0.113440483657,0.0,0.0,0.0,0.920522107181,0.390690478756
-7.88611579792,-0.303391782417,0.0,-0.0,-0.0,-0.927167447311,0.374647200238
-8.31768256073,-0.72022404849,0.0,-0.0,-0.0,-0.927167447311,0.374647200238
-8.58251531849,-1.30968448453,0.0,-0.0,-0.0,-0.839588707953,0.543222607665
-8.58546331647,-1.47936465652,0.0,-0.0,-0.0,-0.713221978798,0.700938234767
-8.14210822384,-0.383808040385,0.0,0.0,0.0,0.558958241826,0.829195805522
-7.71054146102,0.0330242256889,0.0,0.0,0.0,0.374647213134,0.9271674421
-6.79540964554,1.41741506389,0.0,0.0,0.0,0.4735800274,0.880750792022
-6.20005687564,1.491938988,0.0,0.0,0.0,0.0622239544961,0.998062212233
-5.76849194388,1.90877491618,0.0,0.0,0.0,0.374650252624,0.927166213906
-5.33691968791,2.32560352015,0.0,0.0,0.0,0.374642239415,0.927169451851
-4.90535475615,2.74243944833,0.0,0.0,0.0,0.374650252624,0.927166213906
-4.47378982439,3.15927171441,0.0,0.0,0.0,0.374648207876,0.927167040147
-4.04222123052,3.57610398048,0.0,0.0,0.0,0.374646246023,0.927167832887
-3.61065263665,3.99293990866,0.0,0.0,0.0,0.37464826314,0.927167017816
-3.17908770489,4.40976851263,0.0,0.0,0.0,0.374646163127,0.927167866383
-2.74751911102,4.82660444081,0.0,0.0,0.0,0.37464826314,0.927167017816
-2.31595051715,5.24343670688,0.0,0.0,0.0,0.374646246023,0.927167832887
-1.88438558539,5.66026897296,0.0,0.0,0.0,0.374648207876,0.927167040147
-1.45281699152,6.07710490114,0.0,0.0,0.0,0.37464826314,0.927167017816
-1.02124839765,6.4939335051,0.0,0.0,0.0,0.374644201272,0.927168659119
-0.58968346589,6.91076943329,0.0,0.0,0.0,0.374650252624,0.927166213906
-0.158114872021,7.32759803725,0.0,0.0,0.0,0.374644201272,0.927168659119
0.273450059739,7.74443396543,0.0,0.0,0.0,0.374650252624,0.927166213906
0.705018653608,8.16126989362,0.0,0.0,0.0,0.37464826314,0.927167017816
1.13658724748,8.5781058218,0.0,0.0,0.0,0.37464826314,0.927167017816
0.968379243425,8.66588658156,0.0,0.0,0.0,0.971221262001,0.238179050795
0.370078475548,8.42167516123,0.0,-0.0,-0.0,-0.981285855633,0.192556665776
-0.061486456212,8.00484655727,0.0,-0.0,-0.0,-0.927167849264,0.374646205495
-0.493055050081,7.58801795331,0.0,-0.0,-0.0,-0.927168653165,0.374644216008
-0.924619981841,7.17118202512,0.0,-0.0,-0.0,-0.927166241448,0.374650184464
-1.35618857571,6.75434609694,0.0,-0.0,-0.0,-0.927167045358,0.37464819498
-1.78775716958,6.33751383087,0.0,-0.0,-0.0,-0.927167849264,0.374646205495
-2.21932210134,5.92068156479,0.0,-0.0,-0.0,-0.927167045358,0.37464819498
-2.65089069521,5.50384563661,0.0,-0.0,-0.0,-0.927167045358,0.37464819498
-3.08245928908,5.08701703265,0.0,-0.0,-0.0,-0.927168653165,0.374644216008
-3.51402422084,4.67018110446,0.0,-0.0,-0.0,-0.927166241448,0.374650184464
-3.94559281471,4.25334883839,0.0,-0.0,-0.0,-0.927167849264,0.374646205495
-4.37716140858,3.83651657231,0.0,-0.0,-0.0,-0.927167849264,0.374646205495
-4.80872634034,3.41968064413,0.0,-0.0,-0.0,-0.927166241448,0.374650184464
-5.2402912721,3.00285204017,0.0,-0.0,-0.0,-0.927167849264,0.374646205495
-5.67186352808,2.58601611198,0.0,-0.0,-0.0,-0.927167804602,0.374646316022
-6.10342845984,2.16918384591,0.0,-0.0,-0.0,-0.927167045358,0.37464819498
-6.5349933916,1.75235157984,0.0,-0.0,-0.0,-0.927167045358,0.37464819498
-7.00824777555,1.37867727178,0.0,-0.0,-0.0,-0.944679988986,0.327993473121
-7.43981636942,0.9618413436,0.0,-0.0,-0.0,-0.927167045358,0.37464819498
-7.82969551109,0.501851119507,0.0,-0.0,-0.0,-0.90735235805,0.420370905679
-8.26126410496,0.085018853433,0.0,-0.0,-0.0,-0.927167849264,0.374646205495
-8.56778082175,-0.461283624591,0.0,-0.0,-0.0,-0.862935984283,0.505313256336
-8.57220281872,-0.715803882573,0.0,-0.0,-0.0,-0.713221978798,0.700938234767
-8.51873419198,-0.0802411526388,0.0,0.0,0.0,0.67681909482,0.736149382182
-8.42357611305,0.512167281385,0.0,0.0,0.0,0.648615372166,0.761116350494
-7.99200935024,0.928999547459,0.0,0.0,0.0,0.374647213134,0.9271674421
-7.56044258743,1.34583547564,0.0,0.0,0.0,0.374649257882,0.927166615862
-7.12887399356,1.76266407961,0.0,0.0,0.0,0.374644201272,0.927168659119
-6.69730539969,2.17950000779,0.0,0.0,0.0,0.37464826314,0.927167017816
-6.26574046793,2.59633227386,0.0,0.0,0.0,0.374648207876,0.927167040147
-5.83417553617,3.01316453994,0.0,0.0,0.0,0.374648207876,0.927167040147
-5.40260328019,3.43000046812,0.0,0.0,0.0,0.374646301286,0.927167810557
-4.97103834843,3.84682907208,0.0,0.0,0.0,0.374646163127,0.927167866383
-4.53947341667,4.26366500027,0.0,0.0,0.0,0.374650252624,0.927166213906
-4.1079048228,4.68049726634,0.0,0.0,0.0,0.374646246023,0.927167832887
-3.67633622893,5.09732953241,0.0,0.0,0.0,0.374646246023,0.927167832887
-3.24477129717,5.5141654606,0.0,0.0,0.0,0.374650252624,0.927166213906
-2.8132027033,5.93099406456,0.0,0.0,0.0,0.374644201272,0.927168659119
-2.38163410943,6.34782999275,0.0,0.0,0.0,0.37464826314,0.927167017816
-1.95006917767,6.76466225882,0.0,0.0,0.0,0.374648207876,0.927167040147
-1.5185005838,7.18149452489,0.0,0.0,0.0,0.374646246023,0.927167832887
-1.08693565204,7.59833045308,0.0,0.0,0.0,0.374650252624,0.927166213906
-0.655367058172,8.01516638126,0.0,0.0,0.0,0.37464826314,0.927167017816
-0.223798464303,8.43199498522,0.0,0.0,0.0,0.374644201272,0.927168659119
0.373026473529,8.59136265744,0.0,0.0,0.0,0.130099017555,0.991501006369
0.544178813453,8.67325474546,0.0,0.0,0.0,0.221292701625,0.975207434451
-0.0511739564425,8.59873082134,0.0,-0.0,-0.0,-0.99806221333,0.0622239368959
-0.136014042437,8.60020298928,0.0,0.0,0.0,0.999962369881,0.00867518430867
-0.731370474442,8.52567174094,0.0,-0.0,-0.0,-0.998061857265,0.0622296478527
-1.1629354062,8.10884313698,0.0,-0.0,-0.0,-0.927167849264,0.374646205495
-1.59450400007,7.69200720879,0.0,-0.0,-0.0,-0.927167045358,0.37464819498
-2.02607259394,7.27517128061,0.0,-0.0,-0.0,-0.927167045358,0.37464819498
-2.4576375257,6.85834267665,0.0,-0.0,-0.0,-0.927167849264,0.374646205495
-2.88920611957,6.44150674846,0.0,-0.0,-0.0,-0.927167045358,0.37464819498
-3.32077471344,6.02467448239,0.0,-0.0,-0.0,-0.927167849264,0.374646205495
-3.7523396452,5.60784221632,0.0,-0.0,-0.0,-0.927167045358,0.37464819498
-4.18390457696,5.19100628813,0.0,-0.0,-0.0,-0.927166241448,0.374650184464
-4.61547317083,4.77417768417,0.0,-0.0,-0.0,-0.927168653165,0.374644216008
-5.0470417647,4.35734175599,0.0,-0.0,-0.0,-0.927167045358,0.37464819498
-5.47860669646,3.94050948991,0.0,-0.0,-0.0,-0.927167045358,0.37464819498
-5.91017529033,3.52367722384,0.0,-0.0,-0.0,-0.927167849264,0.374646205495
-6.3417438842,3.10684129566,0.0,-0.0,-0.0,-0.927167045358,0.37464819498
-6.77330881596,2.69001269169,0.0,-0.0,-0.0,-0.927167849264,0.374646205495
-7.20487740983,2.27317676351,0.0,-0.0,-0.0,-0.927167045358,0.37464819498
-7.6364460037,1.85634449743,0.0,-0.0,-0.0,-0.927167849264,0.374646205495
-8.06801093546,1.43951223136,0.0,-0.0,-0.0,-0.927167045358,0.37464819498
-8.49957769827,1.02267630318,0.0,-0.0,-0.0,-0.927166598742,0.374649300249
-8.5084180301,0.513643111431,0.0,-0.0,-0.0,-0.713219555602,0.700940700421
-8.49810369928,1.10752005128,0.0,0.0,0.0,0.700940391507,0.713219859197
-8.40295111352,1.6999248232,0.0,0.0,0.0,0.648618457054,0.761113721575
-7.97138251965,2.11676075138,0.0,0.0,0.0,0.37464826314,0.927167017816
-7.53981758789,2.53359301745,0.0,0.0,0.0,0.374648207876,0.927167040147
-7.10824899402,2.95042528353,0.0,0.0,0.0,0.374646246023,0.927167832887
-6.67668040015,3.36726121171,0.0,0.0,0.0,0.37464826314,0.927167017816
-6.24511546839,3.78408981567,0.0,0.0,0.0,0.374646163127,0.927167866383
-5.81354687452,4.20092574386,0.0,0.0,0.0,0.37464826314,0.927167017816
-5.38197828065,4.61775800993,0.0,0.0,0.0,0.374646246023,0.927167832887
-4.95041334889,5.034590276,0.0,0.0,0.0,0.374648207876,0.927167040147
-4.51884841713,5.45142620419,0.0,0.0,0.0,0.374650252624,0.927166213906
-4.08727616115,5.86825480815,0.0,0.0,0.0,0.374642239415,0.927169451851
-3.65571122939,6.28509073633,0.0,0.0,0.0,0.374650252624,0.927166213906
-3.22414629763,6.70192300241,0.0,0.0,0.0,0.374648207876,0.927167040147
-2.79257770376,7.11875526848,0.0,0.0,0.0,0.374646246023,0.927167832887
-2.36100910989,7.53559119667,0.0,0.0,0.0,0.37464826314,0.927167017816
-1.92944417813,7.95241980063,0.0,0.0,0.0,0.374646163127,0.927167866383
-1.49787558426,8.36925572881,0.0,0.0,0.0,0.37464826314,0.927167017816
-0.899574816385,8.61345982492,0.0,0.0,0.0,0.192551546995,0.981286860072
-0.729894644397,8.61051548905,0.0,-0.0,-0.0,-0.0086751544467,0.99996237014
-1.36692954227,8.57914586084,0.0,-0.0,-0.0,-0.999697391636,0.0245992918021
-1.96228597427,8.50462193672,0.0,-0.0,-0.0,-0.998062235583,0.062223579961
-2.39385090603,8.08778600854,0.0,-0.0,-0.0,-0.927166241448,0.374650184464
-2.8254194999,7.67095740458,0.0,-0.0,-0.0,-0.927168653165,0.374644216008
-3.25698809377,7.25412147639,0.0,-0.0,-0.0,-0.927167045358,0.37464819498
-3.68855302553,6.83728554821,0.0,-0.0,-0.0,-0.927166241448,0.374650184464
-4.12011795729,6.42045694425,0.0,-0.0,-0.0,-0.927167849264,0.374646205495
-4.55169021327,6.00362101606,0.0,-0.0,-0.0,-0.927167804602,0.374646316022
-4.98325514503,5.58678874999,0.0,-0.0,-0.0,-0.927167045358,0.37464819498
-5.41482007679,5.16995648392,0.0,-0.0,-0.0,-0.927167045358,0.37464819498
-5.84638867066,4.75312055573,0.0,-0.0,-0.0,-0.927167045358,0.37464819498
-6.27795726453,4.33629195177,0.0,-0.0,-0.0,-0.927168653165,0.374644216008
-6.70952219629,3.91945602359,0.0,-0.0,-0.0,-0.927166241448,0.374650184464
-7.14109079016,3.50262375751,0.0,-0.0,-0.0,-0.927167849264,0.374646205495
-7.57265938403,3.08579149144,0.0,-0.0,-0.0,-0.927167849264,0.374646205495
-8.00422431579,2.66895556326,0.0,-0.0,-0.0,-0.927166241448,0.374650184464
-8.43579290966,2.25212695929,0.0,-0.0,-0.0,-0.927168653165,0.374644216008
-8.53094549542,1.65971852527,0.0,-0.0,-0.0,-0.761113401981,0.648618832077
-8.52063482671,2.25359546512,0.0,0.0,0.0,0.700942559576,0.71321772845
-8.42547674778,2.84600389914,0.0,0.0,0.0,0.648615372166,0.761116350494
-7.99390998496,3.26283616522,0.0,0.0,0.0,0.374647213134,0.9271674421
-7.56234322215,3.67966843129,0.0,0.0,0.0,0.374647213134,0.9271674421
-7.13077462828,4.09650435947,0.0,0.0,0.0,0.37464826314,0.927167017816
-6.69920969652,4.51333296344,0.0,0.0,0.0,0.374646163127,0.927167866383
-6.26764110265,4.93016889162,0.0,0.0,0.0,0.37464826314,0.927167017816
-5.83607250878,5.34700115769,0.0,0.0,0.0,0.374646246023,0.927167832887
-5.40450757702,5.76383342377,0.0,0.0,0.0,0.374648207876,0.927167040147
-4.97294264526,6.18066935195,0.0,0.0,0.0,0.374650252624,0.927166213906
-4.54137038928,6.59749795591,0.0,0.0,0.0,0.374642239415,0.927169451851
-4.10980545752,7.0143338841,0.0,0.0,0.0,0.374650252624,0.927166213906
-3.67824052576,7.43116248806,0.0,0.0,0.0,0.374646163127,0.927167866383
-3.24667193189,7.84799841625,0.0,0.0,0.0,0.37464826314,0.927167017816
-2.81510333802,8.26483434443,0.0,0.0,0.0,0.37464826314,0.927167017816
-2.30017415031,8.59535435657,0.0,0.0,0.0,0.281465485545,0.959571352452
-1.96081380634,8.58945836061,0.0,-0.0,-0.0,-0.00868594248093,0.99996227649
-2.55469074619,8.59977086038,0.0,0.0,0.0,0.999962316085,0.00868138295829
-3.15004717819,8.52524693626,0.0,-0.0,-0.0,-0.998062235583,0.062223579961
-3.58161210995,8.1084183323,0.0,-0.0,-0.0,-0.927167849264,0.374646205495
-4.01318070382,7.69158240412,0.0,-0.0,-0.0,-0.927167045358,0.37464819498
-4.44474929769,7.27474647593,0.0,-0.0,-0.0,-0.927167045358,0.37464819498
-4.87631422945,6.85791420986,0.0,-0.0,-0.0,-0.927167045358,0.37464819498
-5.30788282332,6.44108194379,0.0,-0.0,-0.0,-0.927167849264,0.374646205495
-5.73945141719,6.02424967771,0.0,-0.0,-0.0,-0.927167849264,0.374646205495
-6.17101634895,5.60741741164,0.0,-0.0,-0.0,-0.927167045358,0.37464819498
-6.60258494282,5.19058148346,0.0,-0.0,-0.0,-0.927167045358,0.37464819498
-7.03415353669,4.77374921738,0.0,-0.0,-0.0,-0.927167849264,0.374646205495
-7.46571846845,4.35691695131,0.0,-0.0,-0.0,-0.927167045358,0.37464819498
-7.89728523126,3.94008102313,0.0,-0.0,-0.0,-0.927166598742,0.374649300249
-8.32885199408,3.52325241916,0.0,-0.0,-0.0,-0.927168295876,0.374645100224
-8.46716253786,2.88915819505,0.0,-0.0,-0.0,-0.778817128349,0.627251050689
-8.45684820704,3.48304245912,0.0,0.0,0.0,0.700940434018,0.713219817418
-8.36169379022,4.07544723104,0.0,0.0,0.0,0.648617322905,0.761114688091
-7.9301270274,4.49228315922,0.0,0.0,0.0,0.374649257882,0.927166615862
-7.49856026459,4.90911542529,0.0,0.0,0.0,0.374647213134,0.9271674421
-7.06699533283,5.32594769137,0.0,0.0,0.0,0.374648207876,0.927167040147
-6.63542673896,5.74278361955,0.0,0.0,0.0,0.37464826314,0.927167017816
-6.20385814509,6.15961222351,0.0,0.0,0.0,0.374644201272,0.927168659119
-5.77229321333,6.5764481517,0.0,0.0,0.0,0.374650252624,0.927166213906
-5.34072461946,6.99327675566,0.0,0.0,0.0,0.374644201272,0.927168659119
-4.90915602559,7.41011268385,0.0,0.0,0.0,0.37464826314,0.927167017816
-4.47759109383,7.82694861203,0.0,0.0,0.0,0.374650252624,0.927166213906
-4.04602249996,8.24377721599,0.0,0.0,0.0,0.374644201272,0.927168659119
-3.61445390609,8.66061314418,0.0,0.0,0.0,0.37464826314,0.927167017816
-3.14857134815,8.61009068437,0.0,-0.0,-0.0,-0.0539849877593,0.998541747298
-3.69929399209,8.66208531211,0.0,0.0,0.0,0.998892586759,0.0470489119721
-4.29464676198,8.58755406378,0.0,-0.0,-0.0,-0.99806183501,0.0622300047874
-4.72621535585,8.17072545981,0.0,-0.0,-0.0,-0.927168653165,0.374644216008
-5.15778394972,7.75388953163,0.0,-0.0,-0.0,-0.927167045358,0.37464819498
-5.58934888148,7.33706092767,0.0,-0.0,-0.0,-0.927167849264,0.374646205495
-6.02091747535,6.92022499948,0.0,-0.0,-0.0,-0.927167045358,0.37464819498
-6.45248606922,6.50339273341,0.0,-0.0,-0.0,-0.927167849264,0.374646205495
-6.88405100098,6.08656046733,0.0,-0.0,-0.0,-0.927167045358,0.37464819498
-7.31561959485,5.66972453915,0.0,-0.0,-0.0,-0.927167045358,0.37464819498
-7.74718818872,5.25289227308,0.0,-0.0,-0.0,-0.927167849264,0.374646205495
-8.17875312048,4.836060007,0.0,-0.0,-0.0,-0.927167045358,0.37464819498
-8.44358770929,4.24660323307,0.0,-0.0,-0.0,-0.839590035472,0.543220555884
-8.44653387621,4.07691939897,0.0,-0.0,-0.0,-0.713218051545,0.700942230823
-8.47790533547,4.71395795895,0.0,0.0,0.0,0.724287956862,0.689497610978
-8.51958746345,4.75711225486,0.0,0.0,0.0,0.920524808448,0.390684114129
-8.25475104359,5.34657269091,0.0,0.0,0.0,0.543220442454,0.839590108863
-7.82318428077,5.76340861909,0.0,0.0,0.0,0.374649257882,0.927166615862
-7.39161934901,6.18024088516,0.0,0.0,0.0,0.374648207876,0.927167040147
-6.96005075514,6.59707315124,0.0,0.0,0.0,0.374646246023,0.927167832887
-6.52848216127,7.01390907942,0.0,0.0,0.0,0.37464826314,0.927167017816
-6.09691722951,7.43073768338,0.0,0.0,0.0,0.374646163127,0.927167866383
-5.66534863564,7.84757361157,0.0,0.0,0.0,0.37464826314,0.927167017816
-5.23378004177,8.26440953975,0.0,0.0,0.0,0.37464826314,0.927167017816
-4.76053298204,8.6380838478,0.0,0.0,0.0,0.327997089926,0.944678733221
-4.29317825616,8.67239781188,0.0,0.0,0.0,0.0366368798974,0.999328644156
-4.76053298204,8.6380838478,0.0,-0.0,-0.0,-0.999328642346,0.0366369292851
-5.35736158198,8.47871617558,0.0,-0.0,-0.0,-0.99150110511,0.130098265039
-5.83060864172,8.10503454331,0.0,-0.0,-0.0,-0.94467717376,0.328001581362
-6.26217723558,7.68820593935,0.0,-0.0,-0.0,-0.927168653165,0.374644216008
-6.65206370148,7.22821571525,0.0,-0.0,-0.0,-0.907354312413,0.420366687246
-7.08362863324,6.81138711129,0.0,-0.0,-0.0,-0.927167849264,0.374646205495
-7.55687935508,6.43770547902,0.0,-0.0,-0.0,-0.944677799372,0.327999779533
-7.9884461179,6.02087321294,0.0,-0.0,-0.0,-0.927167447311,0.374647200238
-8.42001288071,5.60404094687,0.0,-0.0,-0.0,-0.927167447311,0.374647200238
-8.51516729753,5.01163617496,0.0,-0.0,-0.0,-0.761114677782,0.648617335002
-5.85480053571,1.82540333602,0.0,-0.0,-0.0,-0.42372187881,0.905792343431
-5.42323560395,2.2422392642,0.0,0.0,0.0,0.374650252624,0.927166213906
-4.99167067219,2.65907153027,0.0,0.0,0.0,0.374648207876,0.927167040147
-4.56010207832,3.07590379635,0.0,0.0,0.0,0.374646246023,0.927167832887
-4.12853348445,3.49273972453,0.0,0.0,0.0,0.37464826314,0.927167017816
-3.69696855269,3.9095719906,0.0,0.0,0.0,0.374648207876,0.927167040147
-3.26539995882,4.32640425668,0.0,0.0,0.0,0.374646246023,0.927167832887
-2.83383136495,4.74323652275,0.0,0.0,0.0,0.374646246023,0.927167832887
-2.40226643319,5.16006878882,0.0,0.0,0.0,0.374648207876,0.927167040147
-1.97069783932,5.57690471701,0.0,0.0,0.0,0.37464826314,0.927167017816
-1.53912924545,5.99373698308,0.0,0.0,0.0,0.374646246023,0.927167832887
-1.10756431369,6.41056924916,0.0,0.0,0.0,0.374648207876,0.927167040147
-0.67599938193,6.82740517734,0.0,0.0,0.0,0.374650252624,0.927166213906
-0.24443078806,7.2442337813,0.0,0.0,0.0,0.374644201272,0.927168659119
0.187137805809,7.66106970949,0.0,0.0,0.0,0.37464826314,0.927167017816
0.618706399678,8.07790563767,0.0,0.0,0.0,0.37464826314,0.927167017816
1.05027133144,8.49473424163,0.0,0.0,0.0,0.374646163127,0.927167866383
1.60246980542,8.52757603777,0.0,0.0,0.0,0.0296979572421,0.999558918391
2.19634674527,8.517263538,0.0,-0.0,-0.0,-0.00868137265336,0.999962316174
1.60099763749,8.44273961389,0.0,-0.0,-0.0,-0.998062191077,0.0622242938308
1.16943270573,8.02590368571,0.0,-0.0,-0.0,-0.927166241448,0.374650184464
0.737860449749,7.60906775752,0.0,-0.0,-0.0,-0.927167804602,0.374646316022
0.306295517989,7.19223915356,0.0,-0.0,-0.0,-0.927167849264,0.374646205495
-0.125269413771,6.77540322538,0.0,-0.0,-0.0,-0.927166241448,0.374650184464
-0.556841669749,6.3585709593,0.0,-0.0,-0.0,-0.927168653165,0.374644216008
-0.988406601509,5.94173869323,0.0,-0.0,-0.0,-0.927167045358,0.37464819498
-1.41997153327,5.52490276505,0.0,-0.0,-0.0,-0.927166241448,0.374650184464
-1.85154012714,5.10807416108,0.0,-0.0,-0.0,-0.927168653165,0.374644216008
-2.28310872101,4.6912382329,0.0,-0.0,-0.0,-0.927167045358,0.37464819498
-2.71467365277,4.27440596682,0.0,-0.0,-0.0,-0.927167045358,0.37464819498
-3.14624224664,3.85757370075,0.0,-0.0,-0.0,-0.927167849264,0.374646205495
-3.57781084051,3.44073777257,0.0,-0.0,-0.0,-0.927167045358,0.37464819498
-4.00937577227,3.0239091686,0.0,-0.0,-0.0,-0.927167849264,0.374646205495
-4.44094436614,2.60707324042,0.0,-0.0,-0.0,-0.927167045358,0.37464819498
-4.87251296001,2.19024097435,0.0,-0.0,-0.0,-0.927167849264,0.374646205495
-5.30407789177,1.77340870827,0.0,-0.0,-0.0,-0.927167045358,0.37464819498
-5.81901440369,1.44288869613,0.0,-0.0,-0.0,-0.959572270689,0.281462355074
-6.20152904358,1.40709890201,0.0,-0.0,-0.0,-0.998912252443,0.0466295176729
-5.56449414571,1.4384648681,0.0,0.0,0.0,0.0245963729285,0.999697463455
-4.96914137581,1.51299245433,0.0,0.0,0.0,0.0622269772879,0.998062023773
-4.53757278194,1.9298247204,0.0,0.0,0.0,0.374646246023,0.927167832887
-4.10600418808,2.34666064858,0.0,0.0,0.0,0.37464826314,0.927167017816
-3.67443925632,2.76348925255,0.0,0.0,0.0,0.374646163127,0.927167866383
-3.24287066245,3.18032518073,0.0,0.0,0.0,0.37464826314,0.927167017816
-2.81130206858,3.59715744681,0.0,0.0,0.0,0.374646246023,0.927167832887
-2.37973713682,4.01398971288,0.0,0.0,0.0,0.374648207876,0.927167040147
-1.94816854295,4.43082564106,0.0,0.0,0.0,0.37464826314,0.927167017816
-1.51659994908,4.84765424503,0.0,0.0,0.0,0.374644201272,0.927168659119
-1.08503501732,5.26449017321,0.0,0.0,0.0,0.374650252624,0.927166213906
-0.653470085558,5.68132243928,0.0,0.0,0.0,0.374648207876,0.927167040147
-0.22189782958,6.09815470536,0.0,0.0,0.0,0.374644256535,0.927168636789
0.20966710218,6.51499063354,0.0,0.0,0.0,0.374650252624,0.927166213906
0.64123203394,6.9318192375,0.0,0.0,0.0,0.374646163127,0.927167866383
1.07280428992,7.34865516569,0.0,0.0,0.0,0.374646301286,0.927167810557
1.50436922168,7.76548376965,0.0,0.0,0.0,0.374646163127,0.927167866383
1.93593415344,8.18231969783,0.0,0.0,0.0,0.374650252624,0.927166213906
2.40918487528,8.55600133011,0.0,0.0,0.0,0.327999820826,0.944677785035
2.83338530525,8.54863316621,0.0,-0.0,-0.0,-0.00868378468791,0.999962295231
3.38410794919,8.49663121425,0.0,-0.0,-0.0,-0.0470555160477,0.998892275678
2.7887551793,8.42211461435,0.0,-0.0,-0.0,-0.998062591613,0.0622178690021
2.35719024754,8.00527868617,0.0,-0.0,-0.0,-0.927166241448,0.374650184464
1.92562165367,7.58844275798,0.0,-0.0,-0.0,-0.927167045358,0.37464819498
1.49405672191,7.1716068298,0.0,-0.0,-0.0,-0.927166241448,0.374650184464
1.06248812804,6.75477822584,0.0,-0.0,-0.0,-0.927168653165,0.374644216008
0.630919534171,6.33794229765,0.0,-0.0,-0.0,-0.927167045358,0.37464819498
0.199354602411,5.92111369369,0.0,-0.0,-0.0,-0.927167849264,0.374646205495
-0.232213991458,5.50427776551,0.0,-0.0,-0.0,-0.927167045358,0.37464819498
-0.663782585328,5.08744549943,0.0,-0.0,-0.0,-0.927167849264,0.374646205495
-1.09534751709,4.67061323336,0.0,-0.0,-0.0,-0.927167045358,0.37464819498
-1.52691244885,4.25377730518,0.0,-0.0,-0.0,-0.927166241448,0.374650184464
-1.95848470483,3.8369450391,0.0,-0.0,-0.0,-0.927168653165,0.374644216008
-2.39004963659,3.42011277303,0.0,-0.0,-0.0,-0.927167045358,0.37464819498
-2.82161456835,3.00328050695,0.0,-0.0,-0.0,-0.927167045358,0.37464819498
-3.25318316222,2.58644824088,0.0,-0.0,-0.0,-0.927167849264,0.374646205495
-3.68475175609,2.1696123127,0.0,-0.0,-0.0,-0.927167045358,0.37464819498
-4.11631668785,1.75278004662,0.0,-0.0,-0.0,-0.927167045358,0.37464819498
-4.63125319977,1.42226003448,0.0,-0.0,-0.0,-0.959572270689,0.281462355074
-4.97061354375,1.42815236833,0.0,0.0,0.0,0.999962323329,0.00868054852471
-4.37673294179,1.41783986856,0.0,-0.0,-0.0,-0.00868131863869,0.999962316643
-3.78138017189,1.49236379268,0.0,0.0,0.0,0.0622239544961,0.998062212233
-3.34981157802,1.90919972086,0.0,0.0,0.0,0.37464826314,0.927167017816
-2.91824298416,2.32603198694,0.0,0.0,0.0,0.374646246023,0.927167832887
-2.4866780524,2.74286425301,0.0,0.0,0.0,0.374648207876,0.927167040147
-2.05511312064,3.15970018119,0.0,0.0,0.0,0.374650252624,0.927166213906
-1.62354086466,3.57652878516,0.0,0.0,0.0,0.374642239415,0.927169451851
-1.1919759329,3.99336471334,0.0,0.0,0.0,0.374650252624,0.927166213906
-0.760411001137,4.41019697941,0.0,0.0,0.0,0.374648207876,0.927167040147
-0.328842407267,4.82702924549,0.0,0.0,0.0,0.374646246023,0.927167832887
0.102726186602,5.24386517367,0.0,0.0,0.0,0.37464826314,0.927167017816
0.534291118362,5.66069377764,0.0,0.0,0.0,0.374646163127,0.927167866383
0.965859712231,6.07752970582,0.0,0.0,0.0,0.37464826314,0.927167017816
1.3974283061,6.49436197189,0.0,0.0,0.0,0.374646246023,0.927167832887
1.82899323786,6.91119423797,0.0,0.0,0.0,0.374648207876,0.927167040147
2.26056183173,7.32802284193,0.0,0.0,0.0,0.374644201272,0.927168659119
2.69212676349,7.74485877011,0.0,0.0,0.0,0.374650252624,0.927166213906
3.12369535736,8.1616946983,0.0,0.0,0.0,0.37464826314,0.927167017816
3.63863186929,8.49221471044,0.0,0.0,0.0,0.281462397018,0.959572258386
3.97798855115,8.48631871448,0.0,-0.0,-0.0,-0.00868603654096,0.999962275673
4.57186915312,8.47600621471,0.0,-0.0,-0.0,-0.00868131863869,0.999962316643
3.97652004533,8.40148229059,0.0,-0.0,-0.0,-0.998062191077,0.0622242938308
3.54494778935,7.98464636241,0.0,-0.0,-0.0,-0.927167804602,0.374646316022
3.11338285759,7.56781775845,0.0,-0.0,-0.0,-0.927167849264,0.374646205495
2.68181792583,7.15098183026,0.0,-0.0,-0.0,-0.927166241448,0.374650184464
2.25024566985,6.73414590208,0.0,-0.0,-0.0,-0.927167804602,0.374646316022
1.81868073809,6.31731729811,0.0,-0.0,-0.0,-0.927167849264,0.374646205495
1.38711580633,5.90048136993,0.0,-0.0,-0.0,-0.927166241448,0.374650184464
0.955543550353,5.48364910386,0.0,-0.0,-0.0,-0.927168653165,0.374644216008
0.523978618592,5.06681683778,0.0,-0.0,-0.0,-0.927167045358,0.37464819498
0.0924136868325,4.6499809096,0.0,-0.0,-0.0,-0.927166241448,0.374650184464
-0.339154907037,4.23315230564,0.0,-0.0,-0.0,-0.927168653165,0.374644216008
-0.770723500906,3.81631637745,0.0,-0.0,-0.0,-0.927167045358,0.37464819498
-1.20228843267,3.39948411138,0.0,-0.0,-0.0,-0.927167045358,0.37464819498
-1.63385702654,2.98265184531,0.0,-0.0,-0.0,-0.927167849264,0.374646205495
-2.0654256204,2.56581591712,0.0,-0.0,-0.0,-0.927167045358,0.37464819498
-2.49699055216,2.14898731316,0.0,-0.0,-0.0,-0.927167849264,0.374646205495
-2.92855548392,1.73215138498,0.0,-0.0,-0.0,-0.927166241448,0.374650184464
-3.48517412383,1.44478933085,0.0,-0.0,-0.0,-0.971743751036,0.236038306896
-3.78285233983,1.40752736879,0.0,-0.0,-0.0,-0.998062235583,0.062223579961
-3.23212969589,1.35552907894,0.0,-0.0,-0.0,-0.0470522228176,0.998892430809
-2.63677326388,1.43005666517,0.0,0.0,0.0,0.0622265980447,0.998062047418
-2.20520833212,1.84688893124,0.0,0.0,0.0,0.374648207876,0.927167040147
-1.77364340036,2.26372119731,0.0,0.0,0.0,0.374648207876,0.927167040147
-1.34207480649,2.6805571255,0.0,0.0,0.0,0.37464826314,0.927167017816
-0.910506212626,3.09738572946,0.0,0.0,0.0,0.374644201272,0.927168659119
-0.478941280866,3.51422165764,0.0,0.0,0.0,0.374650252624,0.927166213906
-0.0473726869962,3.93105392372,0.0,0.0,0.0,0.374646246023,0.927167832887
0.384195906873,4.34788618979,0.0,0.0,0.0,0.374646246023,0.927167832887
0.815760838633,4.76472211797,0.0,0.0,0.0,0.374650252624,0.927166213906
1.24732577039,5.18155072194,0.0,0.0,0.0,0.374646163127,0.927167866383
1.67889802637,5.59838665012,0.0,0.0,0.0,0.374646301286,0.927167810557
2.11046295813,6.0152189162,0.0,0.0,0.0,0.374648207876,0.927167040147
2.54202788989,6.43205118227,0.0,0.0,0.0,0.374648207876,0.927167040147
2.97360014587,6.84888344834,0.0,0.0,0.0,0.374644256535,0.927168636789
3.40516507763,7.26572303863,0.0,0.0,0.0,0.374652269737,0.927165398826
3.83673000939,7.6825516426,0.0,0.0,0.0,0.374646163127,0.927167866383
4.26830226537,8.09938024656,0.0,0.0,0.0,0.374642239415,0.927169451851
4.7415493251,8.47306187884,0.0,0.0,0.0,0.328001594502,0.944677169198
5.16575341718,8.46569371494,0.0,-0.0,-0.0,-0.00868370925362,0.999962295886
5.75963035704,8.45538121517,0.0,-0.0,-0.0,-0.00868137265336,0.999962316174
5.16427758714,8.38084996683,0.0,-0.0,-0.0,-0.99806183501,0.0622300047874
4.73270899327,7.96401403865,0.0,-0.0,-0.0,-0.927167045358,0.37464819498
4.30114406151,7.54718543469,0.0,-0.0,-0.0,-0.927167849264,0.374646205495
3.86957546764,7.13035683072,0.0,-0.0,-0.0,-0.927168653165,0.374644216008
3.43800687377,6.71352090254,0.0,-0.0,-0.0,-0.927167045358,0.37464819498
3.00644194201,6.29668497436,0.0,-0.0,-0.0,-0.927166241448,0.374650184464
2.57487334814,5.87985270828,0.0,-0.0,-0.0,-0.927167849264,0.374646205495
2.14330841638,5.46302044221,0.0,-0.0,-0.0,-0.927167045358,0.37464819498
1.71173982251,5.04618817614,0.0,-0.0,-0.0,-0.927167849264,0.374646205495
1.28017489075,4.62935591006,0.0,-0.0,-0.0,-0.927167045358,0.37464819498
0.848606296883,4.21251998188,0.0,-0.0,-0.0,-0.927167045358,0.37464819498
0.417037703014,3.79568771581,0.0,-0.0,-0.0,-0.927167849264,0.374646205495
-0.014527228746,3.37885544973,0.0,-0.0,-0.0,-0.927167045358,0.37464819498
-0.446095822615,2.96202318366,0.0,-0.0,-0.0,-0.927167849264,0.374646205495
-0.877664416485,2.54519091758,0.0,-0.0,-0.0,-0.927167849264,0.374646205495
-1.30922934824,2.1283549894,0.0,-0.0,-0.0,-0.927166241448,0.374650184464
-1.74079794211,1.71152272333,0.0,-0.0,-0.0,-0.927167849264,0.374646205495
-2.25573079193,1.38100637329,0.0,-0.0,-0.0,-0.959572539112,0.281461439955
-2.63824909393,1.34521291706,0.0,-0.0,-0.0,-0.998912052322,0.0466338045388
-2.00121419606,1.37658254527,0.0,0.0,0.0,0.024599238672,0.999697392943
-1.40291342818,1.62079030348,0.0,0.0,0.0,0.192554120522,0.981286355082
-0.971344834313,2.03762256955,0.0,0.0,0.0,0.374646246023,0.927167832887
-0.539776240443,2.45445849774,0.0,0.0,0.0,0.37464826314,0.927167017816
-0.108211308683,2.8712871017,0.0,0.0,0.0,0.374646163127,0.927167866383
0.323357285186,3.28812302988,0.0,0.0,0.0,0.37464826314,0.927167017816
0.79660800703,3.66179733794,0.0,0.0,0.0,0.327995316248,0.944679349049
1.18649081082,4.12178756203,0.0,0.0,0.0,0.420368782043,0.907353341915
1.61805940468,4.53862349022,0.0,0.0,0.0,0.37464826314,0.927167017816
2.09131012653,4.91229779827,0.0,0.0,0.0,0.327995316248,0.944679349049
2.52287505829,5.32913006434,0.0,0.0,0.0,0.374648207876,0.927167040147
2.95443999005,5.74596233042,0.0,0.0,0.0,0.374648207876,0.927167040147
3.38601224603,6.16279459649,0.0,0.0,0.0,0.374644256535,0.927168636789
3.81757717779,6.57963052467,0.0,0.0,0.0,0.374650252624,0.927166213906
4.24914210955,6.99646279075,0.0,0.0,0.0,0.374648207876,0.927167040147
4.68071436553,7.41329139471,0.0,0.0,0.0,0.374642239415,0.927169451851
5.15396142526,7.78697302698,0.0,0.0,0.0,0.328001594502,0.944677169198
5.58553001913,8.20380895517,0.0,0.0,0.0,0.37464826314,0.927167017816
5.84447044303,8.45390172301,0.0,0.0,0.0,0.374640774929,0.927170043606
6.09309470505,8.11012487523,0.0,-0.0,-0.0,-0.454962279119,0.890510709974
5.66152977329,7.69329627127,0.0,-0.0,-0.0,-0.927167849264,0.374646205495
5.35943505348,7.40151405122,0.0,-0.0,-0.0,-0.927166956035,0.374648416034
5.65121727352,7.0994120072,0.0,-0.0,-0.0,-0.390695127849,0.920520133987
6.08278220528,7.51624793538,0.0,0.0,0.0,0.374650252624,0.927166213906
6.38487692509,7.80803015542,0.0,0.0,0.0,0.374648456562,0.927166939659
7.20381245366,6.09649210774,0.0,-0.0,-0.0,-0.533096687825,0.846054325342
6.77224385979,5.67966350377,0.0,-0.0,-0.0,-0.927168653165,0.374644216008
6.34067526592,5.26282757559,0.0,-0.0,-0.0,-0.927167045358,0.37464819498
5.90911033416,4.84599164741,0.0,-0.0,-0.0,-0.927166241448,0.374650184464
5.47754174029,4.42916304344,0.0,-0.0,-0.0,-0.927168653165,0.374644216008
5.30491723243,4.26242720733,0.0,-0.0,-0.0,-0.927164633615,0.374654163427
5.72174949851,3.83086227557,0.0,-0.0,-0.0,-0.39068983315,0.920522381191
5.62659325063,3.23845384154,0.0,-0.0,-0.0,-0.761115335012,0.64861656378
5.23671044685,2.77846361745,0.0,-0.0,-0.0,-0.90735336029,0.420368742381
4.80514551509,2.36163135137,0.0,-0.0,-0.0,-0.927167045358,0.37464819498
4.37357325911,1.94479542319,0.0,-0.0,-0.0,-0.927167804602,0.374646316022
3.94200832735,1.52796681923,0.0,-0.0,-0.0,-0.927167849264,0.374646205495
3.51044339559,1.11113089104,0.0,-0.0,-0.0,-0.927166241448,0.374650184464
3.07887480172,0.694298624971,0.0,-0.0,-0.0,-0.927167849264,0.374646205495
2.64730620785,0.277466358897,0.0,-0.0,-0.0,-0.927167849264,0.374646205495
2.21574127609,-0.139369569286,0.0,-0.0,-0.0,-0.927166241448,0.374650184464
1.78417268222,-0.55619817325,0.0,-0.0,-0.0,-0.927168653165,0.374644216008
1.35260408835,-0.973034101433,0.0,-0.0,-0.0,-0.927167045358,0.37464819498
0.921039156592,-1.38986636751,0.0,-0.0,-0.0,-0.927167045358,0.37464819498
0.489474224832,-1.80669863358,0.0,-0.0,-0.0,-0.927167045358,0.37464819498
0.0579056309631,-2.22353456176,0.0,-0.0,-0.0,-0.927167045358,0.37464819498
-0.373662962906,-2.64036682784,0.0,-0.0,-0.0,-0.927167849264,0.374646205495
-0.805227894666,-3.05719909391,0.0,-0.0,-0.0,-0.927167045358,0.37464819498
-1.23679648854,-3.47403135998,0.0,-0.0,-0.0,-0.927167849264,0.374646205495
-1.79341146633,-3.76139341411,0.0,-0.0,-0.0,-0.971743441518,0.236039581145
-1.87825521443,-3.75992124617,0.0,0.0,0.0,0.999962372983,0.00867482669426
5.80364158652,3.65970627353,0.0,0.0,0.0,0.374647378924,0.927167375108
5.89879783439,4.25211470756,0.0,0.0,0.0,0.648616551683,0.761115345321
6.33036276615,4.66894697363,0.0,0.0,0.0,0.374648207876,0.927167040147
6.76192769791,5.0857792397,0.0,0.0,0.0,0.374648207876,0.927167040147
7.19349995389,5.50261516789,0.0,0.0,0.0,0.374646301286,0.927167810557
7.62506488565,5.91944743396,0.0,0.0,0.0,0.374648207876,0.927167040147
7.92715960546,6.211229654,0.0,0.0,0.0,0.374648456562,0.927166939659
8.2189418255,5.90913127208,0.0,-0.0,-0.0,-0.390692329616,0.920521321632
7.78737689374,5.49229900601,0.0,-0.0,-0.0,-0.927167045358,0.37464819498
7.35581196198,5.07546673993,0.0,-0.0,-0.0,-0.927167045358,0.37464819498
6.924239706,4.65863081175,0.0,-0.0,-0.0,-0.927167804602,0.374646316022
6.49267477424,4.24179854568,0.0,-0.0,-0.0,-0.927167045358,0.37464819498
6.06110984248,3.8249662796,0.0,-0.0,-0.0,-0.927167045358,0.37464819498
5.71290916667,3.3218217596,0.0,-0.0,-0.0,-0.885738714782,0.464184154335
5.32302636289,2.86183153551,0.0,-0.0,-0.0,-0.90735336029,0.420368742381
4.89145410691,2.44499560732,0.0,-0.0,-0.0,-0.927167804602,0.374646316022
4.45988917515,2.02816334125,0.0,-0.0,-0.0,-0.927167045358,0.37464819498
4.02832424339,1.61133107518,0.0,-0.0,-0.0,-0.927167045358,0.37464819498
3.59675564952,1.1944988091,0.0,-0.0,-0.0,-0.927167849264,0.374646205495
3.16518705565,0.777666543029,0.0,-0.0,-0.0,-0.927167849264,0.374646205495
2.73362212389,0.360830614846,0.0,-0.0,-0.0,-0.927166241448,0.374650184464
2.30205353002,-0.0560016512275,0.0,-0.0,-0.0,-0.927167849264,0.374646205495
1.87048493615,-0.472833917301,0.0,-0.0,-0.0,-0.927167849264,0.374646205495
1.43892000439,-0.889669845484,0.0,-0.0,-0.0,-0.927166241448,0.374650184464
1.00735507263,-1.30649844945,0.0,-0.0,-0.0,-0.927167849264,0.374646205495
0.575782816653,-1.72333437763,0.0,-0.0,-0.0,-0.927167804602,0.374646316022
0.144217884893,-2.14016664371,0.0,-0.0,-0.0,-0.927167045358,0.37464819498
-0.329029174841,-2.51384095176,0.0,-0.0,-0.0,-0.944678737783,0.327997076787
-0.718915640736,-2.97383483796,0.0,-0.0,-0.0,-0.907353510625,0.420368417886
-1.15048423461,-3.39066344193,0.0,-0.0,-0.0,-0.927168653165,0.374644216008
-1.70710287451,-3.67802915816,0.0,-0.0,-0.0,-0.971743131998,0.236040855395
-1.83657308646,-3.80307554208,0.0,-0.0,-0.0,-0.927170037652,0.374640789664
-1.54478720431,-4.105173924,0.0,-0.0,-0.0,-0.390689449079,0.920522544199
-1.11321861044,-3.68834165793,0.0,0.0,0.0,0.374646246023,0.927167832887
-0.681653678678,-3.27150939186,0.0,0.0,0.0,0.374648207876,0.927167040147
-0.250085084809,-2.85467712578,0.0,0.0,0.0,0.374646246023,0.927167832887
0.18148350906,-2.4378411976,0.0,0.0,0.0,0.37464826314,0.927167017816
0.61304844082,-2.02100893152,0.0,0.0,0.0,0.374648207876,0.927167040147
1.04461703469,-1.60417666545,0.0,0.0,0.0,0.374646246023,0.927167832887
1.47618562856,-1.18734439938,0.0,0.0,0.0,0.374646246023,0.927167832887
1.90775056032,-0.770512133304,0.0,0.0,0.0,0.374648207876,0.927167040147
2.33931549208,-0.353676205121,0.0,0.0,0.0,0.374650252624,0.927166213906
2.77088774806,0.0631560609529,0.0,0.0,0.0,0.374644256535,0.927168636789
3.20245267982,0.479988327027,0.0,0.0,0.0,0.374648207876,0.927167040147
3.63401761158,0.89682425521,0.0,0.0,0.0,0.374650252624,0.927166213906
4.06558620545,1.31365285917,0.0,0.0,0.0,0.374644201272,0.927168659119
4.49715479932,1.73048878736,0.0,0.0,0.0,0.37464826314,0.927167017816
4.92871973108,2.14732105343,0.0,0.0,0.0,0.374648207876,0.927167040147
5.36028832495,2.5641533195,0.0,0.0,0.0,0.374646246023,0.927167832887
5.79185691881,2.98098924769,0.0,0.0,0.0,0.37464826314,0.927167017816
6.22342185057,3.39781785165,0.0,0.0,0.0,0.374646163127,0.927167866383
6.65499044444,3.81465377983,0.0,0.0,0.0,0.37464826314,0.927167017816
7.0865553762,4.23148970802,0.0,0.0,0.0,0.374650252624,0.927166213906
7.51812397007,4.64831831198,0.0,0.0,0.0,0.374644201272,0.927168659119
7.94969256394,5.06515424017,0.0,0.0,0.0,0.37464826314,0.927167017816
8.3812574957,5.48198284413,0.0,0.0,0.0,0.374646163127,0.927167866383
8.67893571171,5.5192484683,0.0,0.0,0.0,0.062229620836,0.99806185895
8.84566788571,5.34662029833,0.0,-0.0,-0.0,-0.3906937836,0.920520704523
8.41409929184,4.92978803225,0.0,-0.0,-0.0,-0.927167849264,0.374646205495
7.98253436008,4.51295576618,0.0,-0.0,-0.0,-0.927167045358,0.37464819498
7.55096576621,4.09612350011,0.0,-0.0,-0.0,-0.927167849264,0.374646205495
7.11939717235,3.67929123403,0.0,-0.0,-0.0,-0.927167849264,0.374646205495
6.68783224059,3.26245530585,0.0,-0.0,-0.0,-0.927166241448,0.374650184464
6.25626364672,2.84562303978,0.0,-0.0,-0.0,-0.927167849264,0.374646205495
5.82469871496,2.4287907737,0.0,-0.0,-0.0,-0.927167045358,0.37464819498
5.39313012109,2.01195850763,0.0,-0.0,-0.0,-0.927167849264,0.374646205495
4.96156152722,1.59512257945,0.0,-0.0,-0.0,-0.927167045358,0.37464819498
4.52999659546,1.17829397548,0.0,-0.0,-0.0,-0.927167849264,0.374646205495
4.09842800159,0.761458047298,0.0,-0.0,-0.0,-0.927167045358,0.37464819498
3.66685940772,0.344625781224,0.0,-0.0,-0.0,-0.927167849264,0.374646205495
3.23529447596,-0.0722064848496,0.0,-0.0,-0.0,-0.927167045358,0.37464819498
2.8037295442,-0.489042413033,0.0,-0.0,-0.0,-0.927166241448,0.374650184464
2.37215728822,-0.905874679106,0.0,-0.0,-0.0,-0.927168653165,0.374644216008
1.94059235646,-1.32270694518,0.0,-0.0,-0.0,-0.927167045358,0.37464819498
1.5090274247,-1.73953921125,0.0,-0.0,-0.0,-0.927167045358,0.37464819498
1.07745883083,-2.15637147733,0.0,-0.0,-0.0,-0.927167849264,0.374646205495
0.645890236961,-2.57320740551,0.0,-0.0,-0.0,-0.927167045358,0.37464819498
0.214325305201,-2.99003967158,0.0,-0.0,-0.0,-0.927167045358,0.37464819498
-0.217243288668,-3.40687193766,0.0,-0.0,-0.0,-0.927167849264,0.374646205495
-0.648811882537,-3.82370420373,0.0,-0.0,-0.0,-0.927167849264,0.374646205495
-1.0803768143,-4.24053646981,0.0,-0.0,-0.0,-0.927167045358,0.37464819498
-1.50310507633,-4.14833188202,0.0,0.0,0.0,0.994240613142,0.107170906407
-1.04311119013,-4.53821468581,0.0,-0.0,-0.0,-0.3443482305,0.938841997437
-0.918064806207,-4.66768489776,0.0,-0.0,-0.0,-0.390697185371,0.920519260713
-0.486496212337,-4.25084896957,0.0,0.0,0.0,0.37464826314,0.927167017816
-0.054927618468,-3.83402036561,0.0,0.0,0.0,0.374644201272,0.927168659119
0.376637313292,-3.41718443743,0.0,0.0,0.0,0.374650252624,0.927166213906
0.808205907161,-3.00035217135,0.0,0.0,0.0,0.374646246023,0.927167832887
1.23977450103,-2.58351990528,0.0,0.0,0.0,0.374646246023,0.927167832887
1.67133943279,-2.1666839771,0.0,0.0,0.0,0.374650252624,0.927166213906
2.10290436455,-1.74985537313,0.0,0.0,0.0,0.374646163127,0.927167866383
2.53447295842,-1.33301944495,0.0,0.0,0.0,0.37464826314,0.927167017816
2.96604155229,-0.916187178876,0.0,0.0,0.0,0.374646246023,0.927167832887
3.39760648405,-0.499354912802,0.0,0.0,0.0,0.374648207876,0.927167040147
3.82917507792,-0.0825189846191,0.0,0.0,0.0,0.37464826314,0.927167017816
4.26074367179,0.334309619345,0.0,0.0,0.0,0.374644201272,0.927168659119
4.69230860355,0.751145547528,0.0,0.0,0.0,0.374650252624,0.927166213906
5.12387353531,1.1679778136,0.0,0.0,0.0,0.374648207876,0.927167040147
5.55544579129,1.58481007968,0.0,0.0,0.0,0.374644256535,0.927168636789
5.98701072305,2.00164600786,0.0,0.0,0.0,0.374650252624,0.927166213906
6.41857565481,2.41847461182,0.0,0.0,0.0,0.374646163127,0.927167866383
6.85014791079,2.83531054001,0.0,0.0,0.0,0.374646301286,0.927167810557
7.28171284255,3.25214646819,0.0,0.0,0.0,0.374650252624,0.927166213906
7.71327777431,3.66897507215,0.0,0.0,0.0,0.374646163127,0.927167866383
8.14485003028,4.08581100034,0.0,0.0,0.0,0.374646301286,0.927167810557
8.57641496204,4.5026396043,0.0,0.0,0.0,0.374646163127,0.927167866383
8.92461563785,5.0057841243,0.0,0.0,0.0,0.464184140258,0.88573872216
8.92903580377,5.2603080444,0.0,0.0,0.0,0.70094085913,0.713219399625
8.92019180983,4.75126752843,0.0,-0.0,-0.0,-0.713221978798,0.700938234767
8.82504288617,4.15886275652,0.0,-0.0,-0.0,-0.761111778229,0.648620737443
8.3934706302,3.74202682833,0.0,-0.0,-0.0,-0.927167804602,0.374646316022
7.96190569844,3.32519822437,0.0,-0.0,-0.0,-0.927167849264,0.374646205495
7.53034076668,2.90836229619,0.0,-0.0,-0.0,-0.927166241448,0.374650184464
7.0987685107,2.491526368,0.0,-0.0,-0.0,-0.927167804602,0.374646316022
6.66720357894,2.07469776404,0.0,-0.0,-0.0,-0.927167849264,0.374646205495
6.23563864718,1.65786183586,0.0,-0.0,-0.0,-0.927166241448,0.374650184464
5.8040663912,1.24102956978,0.0,-0.0,-0.0,-0.927168653165,0.374644216008
5.37250145944,0.824197303708,0.0,-0.0,-0.0,-0.927167045358,0.37464819498
4.94093652768,0.407361375525,0.0,-0.0,-0.0,-0.927166241448,0.374650184464
4.50936793381,-0.00946722843945,0.0,-0.0,-0.0,-0.927168653165,0.374644216008
4.07779933994,-0.426303156622,0.0,-0.0,-0.0,-0.927167045358,0.37464819498
3.64623440818,-0.843135422696,0.0,-0.0,-0.0,-0.927167045358,0.37464819498
3.21466581431,-1.25996768877,0.0,-0.0,-0.0,-0.927167849264,0.374646205495
2.78309722044,-1.67680361695,0.0,-0.0,-0.0,-0.927167045358,0.37464819498
2.35153228868,-2.09363588303,0.0,-0.0,-0.0,-0.927167045358,0.37464819498
1.91996735692,-2.5104681491,0.0,-0.0,-0.0,-0.927167045358,0.37464819498
1.48839510094,-2.92730041517,0.0,-0.0,-0.0,-0.927168653165,0.374644216008
1.05683016918,-3.34413268125,0.0,-0.0,-0.0,-0.927167045358,0.37464819498
0.625265237422,-3.76096860943,0.0,-0.0,-0.0,-0.927166241448,0.374650184464
0.193696643553,-4.1778008755,0.0,-0.0,-0.0,-0.927167849264,0.374646205495
-0.237871950316,-4.59463314158,0.0,-0.0,-0.0,-0.927167849264,0.374646205495
-0.626282586166,-4.96978327968,0.0,-0.0,-0.0,-0.927167313327,0.374647531819
-0.334496704016,-5.2718816616,0.0,-0.0,-0.0,-0.390689449079,0.920522544199
0.0970718898533,-4.85504573341,0.0,0.0,0.0,0.37464826314,0.927167017816
0.528636821613,-4.43821346734,0.0,0.0,0.0,0.374648207876,0.927167040147
0.960201753373,-4.02138120127,0.0,0.0,0.0,0.374648207876,0.927167040147
1.39177400935,-3.60454527308,0.0,0.0,0.0,0.374646301286,0.927167810557
1.82333894111,-3.18771666912,0.0,0.0,0.0,0.374646163127,0.927167866383
2.25490387287,-2.77088074094,0.0,0.0,0.0,0.374650252624,0.927166213906
2.68647246674,-2.35404847486,0.0,0.0,0.0,0.374646246023,0.927167832887
3.11804106061,-1.93721620879,0.0,0.0,0.0,0.374646246023,0.927167832887
3.54960599237,-1.52038028061,0.0,0.0,0.0,0.374650252624,0.927166213906
3.98117458624,-1.10355167664,0.0,0.0,0.0,0.374644201272,0.927168659119
4.41274318011,-0.686715748458,0.0,0.0,0.0,0.37464826314,0.927167017816
4.84430811187,-0.269883482384,0.0,0.0,0.0,0.374648207876,0.927167040147
5.27587670574,0.146948783689,0.0,0.0,0.0,0.374646246023,0.927167832887
5.7074416375,0.563784711872,0.0,0.0,0.0,0.374650252624,0.927166213906
6.13901023137,0.980616977946,0.0,0.0,0.0,0.374646246023,0.927167832887
6.57057882524,1.39744924402,0.0,0.0,0.0,0.374646246023,0.927167832887
7.002143757,1.81428151009,0.0,0.0,0.0,0.374648207876,0.927167040147
7.43371235087,2.23111377617,0.0,0.0,0.0,0.374646246023,0.927167832887
7.86527728263,2.64794970435,0.0,0.0,0.0,0.374650252624,0.927166213906
8.2968458765,3.06478197042,0.0,0.0,0.0,0.374646246023,0.927167832887
8.72841447037,3.4816142365,0.0,0.0,0.0,0.374646246023,0.927167832887
8.86672501415,4.1157047985,0.0,0.0,0.0,0.6272505741,0.778817512189
8.85640885227,3.52182419654,0.0,-0.0,-0.0,-0.713220892539,0.700939340061
8.76125626651,2.92941942462,0.0,-0.0,-0.0,-0.761113711266,0.64861846915
8.32968767264,2.51258349644,0.0,-0.0,-0.0,-0.927167045358,0.37464819498
7.89811907877,2.09575489247,0.0,-0.0,-0.0,-0.927168653165,0.374644216008
7.46655414701,1.67891896429,0.0,-0.0,-0.0,-0.927166241448,0.374650184464
7.03498555314,1.26208303611,0.0,-0.0,-0.0,-0.927167045358,0.37464819498
6.60342062138,0.845254432144,0.0,-0.0,-0.0,-0.927167849264,0.374646205495
6.17185202751,0.428418503961,0.0,-0.0,-0.0,-0.927167045358,0.37464819498
5.74028709575,0.0115862378868,0.0,-0.0,-0.0,-0.927167045358,0.37464819498
5.30871850188,-0.405246028187,0.0,-0.0,-0.0,-0.927167849264,0.374646205495
4.87714990801,-0.82208195637,0.0,-0.0,-0.0,-0.927167045358,0.37464819498
4.44558497625,-1.23891056033,0.0,-0.0,-0.0,-0.927167849264,0.374646205495
4.01401638238,-1.65574648852,0.0,-0.0,-0.0,-0.927167045358,0.37464819498
3.58244778851,-2.07257875459,0.0,-0.0,-0.0,-0.927167849264,0.374646205495
3.15088285675,-2.48941102066,0.0,-0.0,-0.0,-0.927167045358,0.37464819498
2.71931426288,-2.90624694885,0.0,-0.0,-0.0,-0.927167045358,0.37464819498
2.28774566901,-3.32307555281,0.0,-0.0,-0.0,-0.927168653165,0.374644216008
1.85618073725,-3.739911481,0.0,-0.0,-0.0,-0.927166241448,0.374650184464
1.42461580549,-4.15674374707,0.0,-0.0,-0.0,-0.927167045358,0.37464819498
0.993043549514,-4.57357601314,0.0,-0.0,-0.0,-0.927168653165,0.374644216008
0.561478617754,-4.99041194133,0.0,-0.0,-0.0,-0.927166241448,0.374650184464
0.129913685994,-5.40724054529,0.0,-0.0,-0.0,-0.927167849264,0.374646205495
-0.126082402034,-5.48766046537,0.0,-0.0,-0.0,-0.988441213795,0.151604640008
0.292225694085,-5.83438897324,0.0,-0.0,-0.0,-0.339187530137,0.940718778062
0.723790625845,-5.41755670717,0.0,0.0,0.0,0.374648207876,0.927167040147
1.15535921971,-5.00072444109,0.0,0.0,0.0,0.374646246023,0.927167832887
1.58692781358,-4.58388851291,0.0,0.0,0.0,0.37464826314,0.927167017816
2.01849274534,-4.16705624684,0.0,0.0,0.0,0.374648207876,0.927167040147
2.45006133921,-3.75022398076,0.0,0.0,0.0,0.374646246023,0.927167832887
2.88162993308,-3.33339171469,0.0,0.0,0.0,0.374646246023,0.927167832887
3.31319486484,-2.91655944862,0.0,0.0,0.0,0.374648207876,0.927167040147
3.74476345871,-2.49972352043,0.0,0.0,0.0,0.37464826314,0.927167017816
4.17633205258,-2.08289125436,0.0,0.0,0.0,0.374646246023,0.927167832887
4.60789698434,-1.66605898829,0.0,0.0,0.0,0.374648207876,0.927167040147
5.0394619161,-1.24922672221,0.0,0.0,0.0,0.374648207876,0.927167040147
5.47103417208,-0.832394456139,0.0,0.0,0.0,0.374644256535,0.927168636789
5.90259910384,-0.415558527956,0.0,0.0,0.0,0.374650252624,0.927166213906
6.3341640356,0.00127373811734,0.0,0.0,0.0,0.374648207876,0.927167040147
6.76573629158,0.418106004191,0.0,0.0,0.0,0.374644256535,0.927168636789
7.19730122334,0.834941932374,0.0,0.0,0.0,0.374650252624,0.927166213906
7.6288661551,1.25177419845,0.0,0.0,0.0,0.374648207876,0.927167040147
8.06043108686,1.66860646452,0.0,0.0,0.0,0.374648207876,0.927167040147
8.49200334284,2.0854387306,0.0,0.0,0.0,0.374644256535,0.927168636789
8.84020401865,2.5885832506,0.0,0.0,0.0,0.464184140258,0.88573872216
8.84609269039,2.92794359458,0.0,0.0,0.0,0.700945917944,0.713214427867
8.87746598071,2.29090869671,0.0,-0.0,-0.0,-0.689496433851,0.724289077446
8.69746964684,1.69997243062,0.0,-0.0,-0.0,-0.803547813849,0.595240212736
8.26590471508,1.28314016454,0.0,-0.0,-0.0,-0.927167045358,0.37464819498
7.83433978332,0.86630789847,0.0,-0.0,-0.0,-0.927167045358,0.37464819498
7.40276752734,0.449475632396,0.0,-0.0,-0.0,-0.927168653165,0.374644216008
6.97120259558,0.0326397042131,0.0,-0.0,-0.0,-0.927166241448,0.374650184464
6.53963766382,-0.384192561861,0.0,-0.0,-0.0,-0.927167045358,0.37464819498
6.10806540784,-0.801024827934,0.0,-0.0,-0.0,-0.927168653165,0.374644216008
5.67650047608,-1.21785709401,0.0,-0.0,-0.0,-0.927167045358,0.37464819498
5.24493554432,-1.63468936008,0.0,-0.0,-0.0,-0.927167045358,0.37464819498
4.81336695045,-2.05152528826,0.0,-0.0,-0.0,-0.927167045358,0.37464819498
4.38179835658,-2.46835755434,0.0,-0.0,-0.0,-0.927167849264,0.374646205495
3.95023342482,-2.88518982041,0.0,-0.0,-0.0,-0.927167045358,0.37464819498
3.51866483095,-3.3020257486,0.0,-0.0,-0.0,-0.927167045358,0.37464819498
3.08709623708,-3.71885435256,0.0,-0.0,-0.0,-0.927168653165,0.374644216008
2.65553130532,-4.13569028074,0.0,-0.0,-0.0,-0.927166241448,0.374650184464
2.22396271145,-4.55252254682,0.0,-0.0,-0.0,-0.927167849264,0.374646205495
1.79239411758,-4.96935481289,0.0,-0.0,-0.0,-0.927167849264,0.374646205495
1.36082918582,-5.38619074107,0.0,-0.0,-0.0,-0.927166241448,0.374650184464
0.929264254065,-5.80301934504,0.0,-0.0,-0.0,-0.927167849264,0.374646205495
0.584007914126,-6.13648735516,0.0,-0.0,-0.0,-0.927167625957,0.37464675813
0.6256900421,-6.17964531318,0.0,-0.0,-0.0,-0.390703687127,0.920516501137
1.22104647411,-6.10511772696,0.0,0.0,0.0,0.0622265980447,0.998062047418
1.65261140587,-5.68828546088,0.0,0.0,0.0,0.374648207876,0.927167040147
2.08417999973,-5.2714495327,0.0,0.0,0.0,0.37464826314,0.927167017816
2.5157485936,-4.85462092874,0.0,0.0,0.0,0.374644201272,0.927168659119
2.94731352536,-4.43778500055,0.0,0.0,0.0,0.374650252624,0.927166213906
3.37888211923,-4.02095273448,0.0,0.0,0.0,0.374646246023,0.927167832887
3.8104507131,-3.60412046841,0.0,0.0,0.0,0.374646246023,0.927167832887
4.24201564486,-3.18728454022,0.0,0.0,0.0,0.374650252624,0.927166213906
4.67358057662,-2.77045593626,0.0,0.0,0.0,0.374646163127,0.927167866383
5.1051528326,-2.35362000807,0.0,0.0,0.0,0.374646301286,0.927167810557
5.53671776436,-1.936787742,0.0,0.0,0.0,0.374648207876,0.927167040147
5.96828269612,-1.51995547593,0.0,0.0,0.0,0.374648207876,0.927167040147
6.39985128999,-1.10311954774,0.0,0.0,0.0,0.37464826314,0.927167017816
6.83141988386,-0.68629094378,0.0,0.0,0.0,0.374644201272,0.927168659119
7.26298481562,-0.269455015597,0.0,0.0,0.0,0.374650252624,0.927166213906
7.69455340949,0.147377250477,0.0,0.0,0.0,0.374646246023,0.927167832887
8.12612200336,0.56420951655,0.0,0.0,0.0,0.374646246023,0.927167832887
8.55768693512,0.981045444733,0.0,0.0,0.0,0.374650252624,0.927166213906
8.86420548296,1.52734426065,0.0,0.0,0.0,0.505310928045,0.862937347667
8.86862564887,1.78186818074,0.0,0.0,0.0,0.70094085913,0.713219399625
8.85830948699,1.18798757878,0.0,-0.0,-0.0,-0.713220892539,0.700939340061
8.76315690123,0.595579144755,0.0,-0.0,-0.0,-0.761113401981,0.648618832077
8.33158830736,0.178746878682,0.0,-0.0,-0.0,-0.927167849264,0.374646205495
7.9000233756,-0.238085387392,0.0,-0.0,-0.0,-0.927167045358,0.37464819498
7.46845478173,-0.654917653466,0.0,-0.0,-0.0,-0.927167849264,0.374646205495
7.03688618786,-1.07174991954,0.0,-0.0,-0.0,-0.927167849264,0.374646205495
6.6053212561,-1.48858584772,0.0,-0.0,-0.0,-0.927166241448,0.374650184464
6.17375266223,-1.9054181138,0.0,-0.0,-0.0,-0.927167849264,0.374646205495
5.74218406836,-2.32225037987,0.0,-0.0,-0.0,-0.927167849264,0.374646205495
5.3106191366,-2.73908630805,0.0,-0.0,-0.0,-0.927166241448,0.374650184464
4.87905420484,-3.15591491202,0.0,-0.0,-0.0,-0.927167849264,0.374646205495
4.44748194886,-3.5727508402,0.0,-0.0,-0.0,-0.927167804602,0.374646316022
4.0159170171,-3.98958310627,0.0,-0.0,-0.0,-0.927167045358,0.37464819498
3.58435208534,-4.40641537235,0.0,-0.0,-0.0,-0.927167045358,0.37464819498
3.15278349147,-4.82325130053,0.0,-0.0,-0.0,-0.927167045358,0.37464819498
2.72121489761,-5.24007990449,0.0,-0.0,-0.0,-0.927168653165,0.374644216008
2.28964996585,-5.65691583268,0.0,-0.0,-0.0,-0.927166241448,0.374650184464
1.85808137198,-6.07374809875,0.0,-0.0,-0.0,-0.927167849264,0.374646205495
1.21957064406,-6.18995781295,0.0,-0.0,-0.0,-0.995951351671,0.0898938546559
1.81345124602,-6.20027031272,0.0,-0.0,-0.0,-0.00868131863869,0.999962316643
2.40880767803,-6.1257463886,0.0,0.0,0.0,0.0622235789709,0.998062235645
2.84037260979,-5.70891046042,0.0,0.0,0.0,0.374650252624,0.927166213906
3.27193754155,-5.29207819435,0.0,0.0,0.0,0.374648207876,0.927167040147
3.70350979752,-4.87524592827,0.0,0.0,0.0,0.374644256535,0.927168636789
4.13507472928,-4.45841000009,0.0,0.0,0.0,0.374650252624,0.927166213906
4.56663966104,-4.04158139613,0.0,0.0,0.0,0.374646163127,0.927167866383
4.99820825491,-3.62474546794,0.0,0.0,0.0,0.37464826314,0.927167017816
5.42977684878,-3.20791320187,0.0,0.0,0.0,0.374646246023,0.927167832887
5.86134178054,-2.7910809358,0.0,0.0,0.0,0.374648207876,0.927167040147
6.29291037441,-2.37424500761,0.0,0.0,0.0,0.37464826314,0.927167017816
6.72447896828,-1.95741640365,0.0,0.0,0.0,0.374644201272,0.927168659119
7.15604390004,-1.54058047547,0.0,0.0,0.0,0.374650252624,0.927166213906
7.5876088318,-1.12374820939,0.0,0.0,0.0,0.374648207876,0.927167040147
8.01918108778,-0.706915943319,0.0,0.0,0.0,0.374644256535,0.927168636789
8.45074601954,-0.290080015136,0.0,0.0,0.0,0.374650252624,0.927166213906
8.79894669535,0.213064504868,0.0,0.0,0.0,0.464184140258,0.88573872216
8.84799698722,0.59410697682,0.0,0.0,0.0,0.660426723965,0.750890499523
8.79452286733,-0.0414594152244,0.0,-0.0,-0.0,-0.736152114646,0.676816122815
8.69937394367,-0.633864187139,0.0,-0.0,-0.0,-0.761111778229,0.648620737443
8.26780168769,-1.05069645321,0.0,-0.0,-0.0,-0.927168653165,0.374644216008
7.83623675593,-1.46752871929,0.0,-0.0,-0.0,-0.927167045358,0.37464819498
7.40467182417,-1.88436464747,0.0,-0.0,-0.0,-0.927166241448,0.374650184464
6.9731032303,-2.30119325143,0.0,-0.0,-0.0,-0.927168653165,0.374644216008
6.54153463643,-2.71802917962,0.0,-0.0,-0.0,-0.927167045358,0.37464819498
6.10996970467,-3.13486144569,0.0,-0.0,-0.0,-0.927167045358,0.37464819498
5.6784011108,-3.55169371176,0.0,-0.0,-0.0,-0.927167849264,0.374646205495
5.24683251693,-3.96852963995,0.0,-0.0,-0.0,-0.927167045358,0.37464819498
4.81526758517,-4.38536190602,0.0,-0.0,-0.0,-0.927167045358,0.37464819498
4.38370265341,-4.80219417209,0.0,-0.0,-0.0,-0.927167045358,0.37464819498
3.95213039744,-5.21902643817,0.0,-0.0,-0.0,-0.927168653165,0.374644216008
3.52056546568,-5.63585870424,0.0,-0.0,-0.0,-0.927167045358,0.37464819498
3.08900053392,-6.05269463243,0.0,-0.0,-0.0,-0.927166241448,0.374650184464
2.49217193397,-6.21205864254,0.0,-0.0,-0.0,-0.99150147732,0.130095428331
2.40733184798,-6.2105864746,0.0,0.0,0.0,0.999962369881,0.00867518430867
3.00268461788,-6.13605888837,0.0,0.0,0.0,0.0622269772879,0.998062023773
3.08752836598,-6.13753105631,0.0,-0.0,-0.0,-0.00867478006911,0.999962373387
3.68287747377,-6.06300713219,0.0,0.0,0.0,0.0622243337394,0.998062188589
4.11444606764,-5.64617120401,0.0,0.0,0.0,0.37464826314,0.927167017816
4.54601466151,-5.22934260005,0.0,0.0,0.0,0.374644201272,0.927168659119
4.97757959327,-4.81250667186,0.0,0.0,0.0,0.374650252624,0.927166213906
5.40914818713,-4.39567440579,0.0,0.0,0.0,0.374646246023,0.927167832887
5.840716781,-3.97884213972,0.0,0.0,0.0,0.374646246023,0.927167832887
6.27228171276,-3.56200621153,0.0,0.0,0.0,0.374650252624,0.927166213906
6.70385030663,-3.14517760757,0.0,0.0,0.0,0.374644201272,0.927168659119
7.1354189005,-2.72834167939,0.0,0.0,0.0,0.37464826314,0.927167017816
7.56698383226,-2.31150941331,0.0,0.0,0.0,0.374648207876,0.927167040147
7.99855242613,-1.89467714724,0.0,0.0,0.0,0.374646246023,0.927167832887
8.43011735789,-1.47784121906,0.0,0.0,0.0,0.374650252624,0.927166213906
8.7783180337,-0.974696699052,0.0,0.0,0.0,0.464184140258,0.88573872216
8.78421402966,-0.635336355075,0.0,0.0,0.0,0.700938223432,0.713221989939
8.81705582581,-1.18753116695,0.0,-0.0,-0.0,-0.68579511838,0.727794652087
8.72189957793,-1.77993960098,0.0,-0.0,-0.0,-0.761115335012,0.64861656378
8.29033464617,-2.19677186705,0.0,-0.0,-0.0,-0.927167045358,0.37464819498
7.8587660523,-2.61360779523,0.0,-0.0,-0.0,-0.927167045358,0.37464819498
7.42720112054,-3.0304363992,0.0,-0.0,-0.0,-0.927167849264,0.374646205495
6.99563252667,-3.44727232738,0.0,-0.0,-0.0,-0.927167045358,0.37464819498
6.5640639328,-3.86410459345,0.0,-0.0,-0.0,-0.927167849264,0.374646205495
6.13249900104,-4.28093685953,0.0,-0.0,-0.0,-0.927167045358,0.37464819498
5.70093040718,-4.69777278771,0.0,-0.0,-0.0,-0.927167045358,0.37464819498
5.26936181331,-5.11460505378,0.0,-0.0,-0.0,-0.927167849264,0.374646205495
4.83779688155,-5.53143731986,0.0,-0.0,-0.0,-0.927167045358,0.37464819498
4.40622828768,-5.94826958593,0.0,-0.0,-0.0,-0.927167849264,0.374646205495
3.76624539183,-6.14932304823,0.0,-0.0,-0.0,-0.988440581242,0.151608764105
3.68140530583,-6.14784355608,0.0,0.0,0.0,0.999961994583,0.00871833643951
4.31844386581,-6.11647392787,0.0,0.0,0.0,0.0245990971538,0.999697396425
4.91379663571,-6.04195000376,0.0,0.0,0.0,0.0622239544961,0.998062212233
5.34536522958,-5.62511773769,0.0,0.0,0.0,0.374646246023,0.927167832887
5.77693016134,-5.20828547161,0.0,0.0,0.0,0.374648207876,0.927167040147
6.20849875521,-4.79144954343,0.0,0.0,0.0,0.37464826314,0.927167017816
6.64006734907,-4.37461727736,0.0,0.0,0.0,0.374646246023,0.927167832887
7.07163228083,-3.95778501128,0.0,0.0,0.0,0.374648207876,0.927167040147
7.50319721259,-3.54095274521,0.0,0.0,0.0,0.374648207876,0.927167040147
7.93476946857,-3.12412047913,0.0,0.0,0.0,0.374644256535,0.927168636789
8.36633440033,-2.70728455095,0.0,0.0,0.0,0.374650252624,0.927166213906
8.79789933209,-2.29045228488,0.0,0.0,0.0,0.374648207876,0.927167040147
8.80673966393,-1.78141176891,0.0,0.0,0.0,0.700940774108,0.713219483184
8.79642716416,-2.37529237087,0.0,-0.0,-0.0,-0.713218761794,0.700941508133
8.70127091628,-2.9677008049,0.0,-0.0,-0.0,-0.761115335012,0.64861656378
8.26970598452,-3.38453307097,0.0,-0.0,-0.0,-0.927167045358,0.37464819498
7.83814105276,-3.80136899915,0.0,-0.0,-0.0,-0.927166241448,0.374650184464
7.40656879679,-4.21819760312,0.0,-0.0,-0.0,-0.927169457062,0.374642226519
6.97500386503,-4.6350335313,0.0,-0.0,-0.0,-0.927166241448,0.374650184464
6.54343893327,-5.05186579737,0.0,-0.0,-0.0,-0.927167045358,0.37464819498
6.1118703394,-5.46869806345,0.0,-0.0,-0.0,-0.927167849264,0.374646205495
5.68030174553,-5.88553399163,0.0,-0.0,-0.0,-0.927167045358,0.37464819498
5.08200097765,-6.12973808773,0.0,-0.0,-0.0,-0.981286865619,0.192551518724
4.91232080566,-6.12679375186,0.0,0.0,0.0,0.999962369881,0.00867518430867
